composer,filename
mozart,Symphony_n39_K543_4mov.mid
bach,037500b_.mid
bach,032100b_.mid
bach,Bwv0998_Prelude_Fugue_Allegro_for_Lute_2mov.mid
chopin,19_Polish_Songs_for_Solo_Voice_and_Piano_accomplements_No6.mid
bach,Bwv0796_Sinfonia_n10.mid
chopin,Waltz_in_Ab_Opposth_Brown21.mid
chopin,Etude_op10_n02.mid
bach,15_Et_Incarnatus__Cricifixus.mid
beethoven,Sieben_Bagatellen_in_F_Major_Opus33_No3.mid
bach,Triple_Fugue_n1.mid
bach,060800qt.mid
bach,Bwv0561_Fantasie_and_Fuga.mid
bach,008906b_.mid
bach,017206vn.mid
beethoven,Sonatina_Fa_maj_woo.mid
chopin,Waltz_op64_n1.mid
beethoven,Minuetto.mid
bach,Wtcii05b.mid
bach,Bwv1068_Orchestral_suite_n3_Gigue.mid
mozart,K617_Adagio.mid
bach,024853b5.mid
bach,028400b_.mid
mozart,Symphony_n31_K297_1mov_Paris.mid
chopin,Prelude_n02_op28_Presentiment_of_Death.mid
beethoven,String_Quartet_n2_op18_n2_2mov.mid
bach,006707b_.mid
beethoven,op089_Polonaise.mid
bach,Bwv0197.mid
mozart,K117_Offertorio_Jubilate_Deo.mid
bach,Bwv1068_Orchestral_suite_n3_Bourree.mid
bach,WT1_6B.mid
bach,013906b_.mid
beethoven,Sechs_Variationen.mid
bach,036700b_.mid
bach,010107b_.mid
mozart,K626_Requiem_10_Sanctus.mid
mozart,K626_Requiem_03_tuba_mirum.mid
bach,Bwv0116.mid
mozart,K280_Piano_sonata_n02_2mov.mid
bach,Piano_version_of_Bachs_two_part_inventions_No6.mid
bach,08_Chor_Qui_Tollis.mid
bach,036400b_.mid
bach,Bwv785_Invention_n14.mid
bach,060600b_.mid
bach,030300b_.mid
mozart,K317_Coronation_Mass_3mov.mid
bach,031600b_.mid
beethoven,Bagatella_op33_n2.mid
beethoven,String_Quartet_n1_op18_3mov.mid
mozart,K393_Solfeggi_n3.mid
beethoven,Sonata_No14_Op_27_Sonata_Quasi_Una_Fantasia.mid
mozart,Piano_Concerto_n7_for_3_Pianos_K242_1mov_Lodron.mid
bach,Bwv774_Invention_n03.mid
bach,065700b_.mid
beethoven,Piano_Sonata_n14_op27_3mov_Moonlight.mid
bach,043200b_.mid
bach,Bwv0207.mid
bach,Bwv778_Invention_n07.mid
bach,Bwv1005_Violin_Sonata_n3_2mov_Fugue.mid
bach,007514b_.mid
bach,040300b_.mid
beethoven,Sonata_No_17_in_D_minor_op_31_No_2__Tempest.mid
beethoven,Piano_Sonata_n21_2mov_Waldstein.mid
bach,6Herzliebster_Jesu_Chorus.mid
bach,Bwv0565_Toccata_and_Fugue_In_Dm_C.mid
bach,014406b_.mid
beethoven,Sonata_Opus111_C_minor_No2.mid
bach,Bwv1052_Harpsichord_Concerto_n1_1mov.mid
bach,Bwv0063.mid
bach,Piano_version_of_Bachs_two_part_inventions_No3.mid
bach,034100b_.mid
beethoven,Symphony_op68_n6_Pastorale.mid
bach,015408b_.mid
bach,WT1_XX3B.mid
mozart,Fantasia_in_C_K475.mid
bach,invent12.mid
bach,027200b_.mid
beethoven,Piano_Concerto_n3_op37_3mov.mid
mozart,K136_Divertimento_3mov.mid
bach,015905b_.mid
beethoven,Symphony_n4_4mov.mid
mozart,K457_Piano_Sonata_n14.mid
chopin,Prelude_n16_op28_Hades.mid
bach,04_Chor_Gloria_In_Exelcis.mid
bach,018405b_.mid
beethoven,Romance_piano.mid
bach,010207b_.mid
bach,006408b_.mid
bach,Bwv0554_Short_Prelude_and_Fugue_n2_Spurious.mid
bach,042400b_.mid
bach,006704b_.mid
bach,004006b_.mid
bach,Bwv0936_Little_Prelude_n4.mid
beethoven,String_Quartet_n1_op18_4mov.mid
bach,Bwv0811_English_Suite_n6_7mov.mid
bach,invent3.mid
beethoven,Piano_Sonata_n10_1mov.mid
bach,WT1_7A.mid
bach,039500b_.mid
bach,024454b_.mid
mozart,K618_Ave_Verum_Corpus.mid
mozart,Viennese_Sonatinas_K439b_n2_4mov.mid
beethoven,String_Quartet_n16_op135_4mov.mid
chopin,Mazurka_op67_n3_Drchew.mid
bach,Bwv784_Invention_n13.mid
bach,Bwv1069_Orchestral_suite_n4_Rejouissance.mid
beethoven,Lieder_op48_n2_Die_Liebe_Des_Nachsten.mid
beethoven,Piano_Sonata_n15_3mov_Pastoral.mid
bach,invent15.mid
mozart,Viennese_Sonatinas_K439b_n2_2mov.mid
bach,007305b_.mid
beethoven,Sonata_Opus81a_-Les_Adieux-_E_flat_No2__3.mid
chopin,Nocturne_op33_n4.mid
chopin,Mazurka_op33_n2_Drchew.mid
beethoven,Piano_Sonata_n15_2mov_Pastoral.mid
bach,041700b_.mid
bach,Bwv0794_Sinfonia_n8.mid
bach,Variation_01.mid
mozart,Symphony_n30_K202_3mov.mid
chopin,19_Polish_Songs_for_Solo_Voice_and_Piano_accomplements_No8.mid
beethoven,Piano_Sonata_n21_3mov_Waldstein.mid
bach,041600b_.mid
chopin,Etude_op25_n09.mid
beethoven,Symphony_op125_n9_2mov_Choral.mid
bach,037900b_.mid
bach,Bwv0048.mid
bach,024540b_.mid
mozart,K626_Requiem_06_confutatis.mid
bach,027300b_.mid
bach,Bwv1068_Orchestral_Suite_n3_2mov.mid
bach,Bwv0540_Toccata_and_Fugue.mid
bach,Variation_16.mid
bach,038700b_.mid
bach,WT1_X4B.mid
bach,WT1_X8B.mid
mozart,Sonatina_n21_3mov.mid
bach,WT1_3B.mid
mozart,K191_Bassoon_Concerto_1mov.mid
bach,Bwv0913_Toccata.mid
bach,032300b_.mid
bach,Bwv1064_Three_Harpsichords_Concerto_n2_1mov.mid
bach,Bwv0298.mid
bach,Bwv0547_Prelude_and_Fugue.mid
mozart,Piano_Concerto_n21_K467_2mov_Elvira_Madigan.mid
bach,WT1_8A.mid
bach,042600b_.mid
bach,012606b_.mid
mozart,Piano_Sonata_n16_K545.mid
bach,Bwv0933_Little_Prelude_n1.mid
bach,Bwv0806_English_Suite_n1_01mov.mid
bach,Bwv1066_Orchestral_suite_n1_Forlane.mid
bach,bsgjg_h.mid
bach,009906b_.mid
beethoven,Sonata_op78_1st_mov.mid
bach,008606b_.mid
mozart,K19d_Piano_Sonata_Duet.mid
chopin,Prelude_n13_op28_Loss.mid
beethoven,Piano_Sonata_n23_op57_1mov_Apassionata.mid
mozart,K317_Coronation_Mass_1mov.mid
mozart,Symphony_n28_K200_4mov.mid
bach,014907ch.mid
bach,043500b_.mid
bach,064600b_.mid
beethoven,String_Quartet_n16_op135_2mov.mid
bach,011308b_.mid
bach,016606b_.mid
bach,024417bv.mid
bach,025400b_.mid
mozart,Piano_Concerto_n26_K537_2mov_Coronation.mid
bach,Bwv1014_Harpsicord_and_Violin_Sonata_2mov.mid
mozart,Sonatina_n3_3mov.mid
bach,5Erbarme_dicht_mein_Gott_Alto_Aria.mid
mozart,Piano_Sonata_n02_K280.mid
bach,21_Benedictus.mid
bach,Bwv0797_Sinfonia_n11.mid
bach,036200b_.mid
mozart,K281_Piano_Sonata_n03_1mov.mid
bach,Wtcii20b.mid
mozart,K393_Solfeggi_n4.mid
bach,Bwv0197ch.mid
mozart,Piano_Sonata_n10_K330.mid
mozart,Symphony_n25_K183_2mov.mid
beethoven,Lieder_op48_n1_Bitten.mid
bach,Prelude_and_Fugue_in_A_BWV_888.mid
bach,005708b_.mid
mozart,K393_Solfeggi_n5.mid
bach,WTCII06A.mid
beethoven,Symphony_n3_4mov_Eroica.mid
bach,Bwv1049_Brandenburg_Concert_n4_2mov.mid
bach,Bwv776_Invention_n05.mid
mozart,K335_Laudate_Dominus.mid
bach,006106b_.mid
mozart,Symphony_n35_K385_4mov_Haffner.mid
bach,WT1_1B.mid
bach,035300b_.mid
bach,Bwv0555_Short_Prelude_and_Fugue_n3_Spurious.mid
mozart,K594_Adagio__Allegro_for_Mechanical_Organ.mid
bach,041300b_.mid
bach,076904b_.mid
beethoven,Op33_No4.mid
bach,Counter_Fugue_n2.mid
bach,018506b_.mid
bach,011506bv.mid
chopin,Etude_op10_n05_Black_Key.mid
beethoven,Overture_Leonore_n3_op72.mid
mozart,K280_Piano_sonata_n02_3mov.mid
bach,010806b_.mid
bach,065100b_.mid
bach,10_Aria_Quoniam.mid
chopin,Etude_op25_n02.mid
bach,Bwv0997_Partita_for_Lute_1mov.mid
mozart,Symphony_n30_K202_4mov.mid
bach,018707b_.mid
bach,038500b_.mid
beethoven,Piano_Sonata_n01.mid
bach,004407b_.mid
bach,Bwv0552_Prelude_and_Fugue_St_Anne.mid
bach,024462bv.mid
bach,066100b_.mid
chopin,Etude_op10_n03.mid
chopin,Etude_op10_n11.mid
mozart,Piano_Concerto_n25_K503_2mov.mid
bach,Bwv1043_Two_Violins_Concerto_n3_1mov.mid
mozart,Symphony_n38_K504_1mov_Prague.mid
bach,024505b_.mid
beethoven,Piano_Sonata_n08_op13_3mov_Pathetique.mid
bach,022602bv.mid
bach,Wtcii02b.mid
bach,042700b_.mid
bach,Musical_Offering_n16_Trio-Allegro.mid
chopin,Prelude_n05_op28_Uncertainty.mid
bach,011007b_.mid
bach,Bwv780_Invention_n09.mid
mozart,K04_Minuet_in_F.mid
bach,Bwv0568_Prelude.mid
mozart,Early_Pieces_n20_Presto.mid
bach,006206b_.mid
bach,030000b_.mid
bach,11_Marche.mid
beethoven,Piano_Sonata_No2_Assai_vivace.mid
bach,Wtcii12b.mid
bach,Variation_22.mid
beethoven,Piano_Sonata_n20.mid
chopin,19_Polish_Songs_for_Solo_Voice_and_Piano_accomplements_No14.mid
bach,017906b_.mid
bach,Bwv1052_Harpsichord_Concerto_n1b.mid
bach,Bwv0036v.mid
beethoven,Piano_Concerto_n2_op19_1mov.mid
bach,Wtcii01a.mid
bach,003706b_.mid
bach,038000b_.mid
beethoven,Hess061_Anglaise.mid
mozart,Symphony_n34_K338_2mov.mid
bach,065400b_.mid
bach,Bwv1014_Harpsicord_and_Violin_Sonata_3mov.mid
bach,Bwv0915_Toccata.mid
bach,Piano_version_of_Bachs_two_part_inventions_No12.mid
bach,invent13.mid
bach,022707b_.mid
bach,Bwv0817_French_Suite_n6.mid
bach,Wtcii21b.mid
mozart,Symphony_n36_K425_3mov_Linz.mid
bach,043300b_.mid
beethoven,Piano_Sonata_n03.mid
mozart,K309_Piano_Sonata_n10_3mov.mid
chopin,Prelude_n21_op28_Sunday.mid
chopin,Prelude_n11_op28_Dragonfly.mid
mozart,Piano_Concerto_n7_for_3_Pianos_K242_2mov_Lodron.mid
bach,011909b_.mid
bach,007903bs.mid
mozart,Early_Pieces_n14_Rondo.mid
bach,014500ba.mid
bach,066800com.mid
bach,024823bs.mid
bach,Bwv0541_Prelude_and_Fugue.mid
beethoven,136.mid
bach,Variation_11.mid
bach,02_Menuet.mid
mozart,K570_Piano_Sonata_2mov.mid
bach,Piano_version_of_Bachs_two_part_inventions_No2.mid
beethoven,Overture_Creatures_Of_Prometeus_op43.mid
mozart,K332_Piano_Sonata_n12_1mov.mid
beethoven,Symphony_n2_op36_3mov.mid
bach,Bwv0266.mid
mozart,Piano_Concerto_n6_K238_1mov.mid
mozart,Symphony_n30_K202_2mov.mid
bach,Wtcii15b.mid
bach,WT1_X_A.mid
bach,Bwv1063_Three_Harpsichords_Concerto_n1.mid
chopin,Etude_op25_n03.mid
bach,Musical_Offering_n19.mid
bach,012106b_.mid
bach,043400b_.mid
bach,036300b_.mid
bach,009106b_.mid
bach,038800b_.mid
beethoven,Overture_King_Stephen.mid
bach,bsgjg_i.mid
bach,025300b_.mid
bach,029200b_.mid
bach,03_Kyrie_Eleison.mid
beethoven,Sonatina_In_C.mid
bach,024805b1.mid
mozart,Piano_Concerto_n20_K466_1mov.mid
bach,Musical_Offering_n11.mid
mozart,K525_Serenade_2mov_Eine_Kleine_Natchmusik.mid
bach,Bwv1067_Orchestral_suite_n2_Menuet.mid
bach,Bwv1005_Violin_Sonata_n3_4mov_Allegro.mid
bach,022701b_.mid
bach,040400bv.mid
bach,Bwv0276.mid
bach,066600b_.mid
bach,Bwv1044_Flute_Violin_and_Harpsichord_Concerto_3mov.mid
bach,066300b_.mid
bach,Bwv1058_Harpsichord_Concerto_n7_3mov.mid
mozart,K525_Serenade_3mov_Eine_Kleine_Natchmusik.mid
chopin,Etude_No2_in_A_Minor.mid
bach,Bwv0097.mid
beethoven,Symphony_op68_n6_1mov_Pastorale.mid
bach,Bwv1067_Orchestral_suite_n2_Sarabande.mid
beethoven,Symphony_n3_2mov_Eroica.mid
beethoven,Piano_Sonata_n31_op110.mid
bach,Bwv0811_English_Suite_n6_6mov.mid
beethoven,Piano_Sonata_n16.mid
bach,008107b_.mid
bach,Musical_Offering_n5.mid
mozart,Symphony_n40_K550_2mov.mid
mozart,Piano_Concerto_n6_K238_3mov.mid
bach,039300b_.mid
chopin,Etude_op25_n11_Winter_Wind.mid
bach,WT1_X6B.mid
beethoven,WoO048_Rondo.mid
bach,003806b_.mid
bach,Piano_version_of_Bachs_two_part_inventions_No5.mid
mozart,Sonatina_n22_4mov.mid
bach,004008b_.mid
bach,22_Agnus_Dei.mid
mozart,Symphony_n5_K022.mid
mozart,Symphony_n38_K504_2mov_Prague.mid
bach,AveMaria.mid
mozart,K332_Piano_Sonata_n12_3mov.mid
bach,Bwv1058_Harpsichord_Concerto_n7_1mov.mid
beethoven,Bagatella_Fur_Elise.mid
bach,028200b_.mid
bach,024842bs.mid
mozart,Symphony_n25_K183_1mov.mid
chopin,19_Polish_Songs_for_Solo_Voice_and_Piano_accomplements_No12.mid
bach,004807b_.mid
bach,069000b_.mid
bach,013705ch.mid
bach,WTCII08A.mid
bach,Bwv0806_English_Suite_n1_04mov.mid
bach,Bwv777_Invention_n06.mid
mozart,K330_Piano_Sonata_n10_3mov.mid
bach,036600b_.mid
bach,076901b_.mid
bach,013606b_.mid
bach,Bwv0145.mid
bach,WTCII18A.mid
bach,Piano_version_of_Bachs_two_part_inventions_No1.mid
bach,037400b_.mid
chopin,Fantasie_Impromptu_op66.mid
bach,Variation_09.mid
bach,Bwv1047_Brandenburg_Concert_n2_3mov.mid
mozart,Piano_Concerto_n14_K449_2mov.mid
bach,WTCII16A.mid
bach,011606b_.mid
bach,Bwv1053_Harpsichord_Concerto_n2_1mov.mid
bach,Bwv1005_Violin_Sonata_n3_1mov_Adagio.mid
mozart,Symphony_n33_K319_3mov.mid
chopin,Etude_op10_n10.mid
beethoven,Piano_Sonata_n29_Op106_Hammerklavier.mid
chopin,Nocturne_op37_01.mid
mozart,Symphony_n35_K385_2mov_Haffner.mid
chopin,Prelude_n06_op28_Tolling_Bells.mid
bach,invent2.mid
bach,034700b_.mid
beethoven,Symphony_n1_2mov.mid
beethoven,Piano_Sonata_n23_op57_2mov_Apassionata.mid
bach,Bwv0538_Toccata_and_Fugue_Dorian.mid
bach,031500b_.mid
mozart,K495_Horn_Concerto_n4_1mov.mid
bach,WTCII17A.mid
bach,Bwv0792_Sinfonia_n6.mid
bach,bsgjg_e.mid
bach,WT1_X5A.mid
bach,WT1_2B.mid
bach,WT1_2A.mid
mozart,K626_Requiem_kyrie.mid
beethoven,Rage_over_a_lost_pennny.mid
mozart,K284_Piano_Sonata_n06.mid
bach,030200b_.mid
chopin,Nocturne_op62_n2.mid
bach,Bwv782_Invention_n11.mid
chopin,Etude_Op10_No11.mid
mozart,K331_Piano_Sonata_n11.mid
bach,014706b_.mid
bach,012606bv.mid
bach,Bwv0531_Prelude_and_Fugue.mid
mozart,Symphony_n28_K200_1mov.mid
bach,013807b_.mid
bach,Bwv1069_Orchestral_suite_n4_Gavotte.mid
mozart,K576_Piano_Sonata_n19.mid
bach,026700ba.mid
bach,Bwv1067_Orchestral_Suite_n2_2mov.mid
bach,065900b_.mid
mozart,Another_piece_for_PianoK176.mid
bach,011506b_.mid
bach,4Blute_nur_du_liebes_Herz_Soprano_Aria.mid
bach,033900b_.mid
bach,065500b_.mid
bach,009005b_.mid
beethoven,Overture_Egmont.mid
chopin,Piano_Concerto_n1_op11_1mov.mid
chopin,Piano_Concerto_n2_1mov.mid
bach,Wtcii22b.mid
bach,035100b_.mid
beethoven,WoO051_Sonatina_1-2_movs.mid
bach,007807b_.mid
bach,015606b_.mid
bach,034800b_.mid
beethoven,Lieder_op48_n5_Gottes_Macht_Und_Vorsehung.mid
chopin,19_Polish_Songs_for_Solo_Voice_and_Piano_accomplements_No5.mid
bach,024403b_.mid
bach,024511b_.mid
bach,Musical_Offering_n14.mid
mozart,Early_Pieces_n3_Little_march.mid
beethoven,Sieben_Bagatellen_in_E_flat_Major_Opus33_No1.mid
bach,007607b_.mid
beethoven,Sketch_for_Piano_Alla_Marcia.mid
bach,WT1_XX1B.mid
mozart,K527_Overture_Don_Giovanni.mid
mozart,Symphony_n38_K504_3mov_Prague.mid
bach,Bwv0992_Capriccio.mid
beethoven,Piano_Sonata_n14_op27_1mov_Moonlight.mid
bach,022711b_.mid
bach,Bwv0806_English_Suite_n1_02mov.mid
bach,027600b_.mid
bach,Bwv0551_Prelude_and_Fugue.mid
bach,Bwv0798_Sinfonia_n12.mid
bach,Piano_version_of_Bachs_two_part_inventions_No15.mid
mozart,Symphony_n25_K183_4mov.mid
beethoven,Fur_Elise.mid
chopin,Nocturne_op15_n3.mid
bach,Bwv0306v.mid
bach,030800b_.mid
beethoven,Seven_Inversions_of_God_Save_the_King.mid
bach,WT1_5B.mid
beethoven,Symphony_n7_4mov.mid
mozart,K314_Flute_Concerto_n2_1mov.mid
bach,005505b_.mid
bach,Bwv1049_Brandenburg_Concert_n4_1mov.mid
bach,009408b_.mid
bach,019412b_.mid
beethoven,Lieder_op46_Adelaide.mid
bach,Bwv0997_Partita_for_Lute_3mov.mid
bach,024437b_.mid
bach,Variation_29.mid
chopin,Mazurka_op7_n1.mid
bach,012705b_.mid
beethoven,Piano_Sonata_n05.mid
beethoven,Sieben_Bagatellen_C_Major_Opus33_No2.mid
bach,018806b_.mid
beethoven,Lieder_op99_Der_Mann_Von_Wort.mid
bach,004106bs.mid
bach,026100b_.mid
beethoven,Symphony_n7_3mov.mid
bach,037100b_.mid
mozart,K357_Piano_Sonata_4_Hands.mid
bach,043600b_.mid
beethoven,Lieder_op82_n1_Dimmi_Den_Mio_Che_Mi_Ami.mid
bach,029700b_.mid
beethoven,Piano_Concerto_n3_op37_2mov.mid
bach,032500b_.mid
bach,015804b_.mid
bach,040700b_.mid
bach,Bwv0530_Sonate_en_trio_n6.mid
beethoven,Bagatella_op33_n4.mid
bach,Wtcii07b.mid
bach,20_Osanna.mid
bach,Bwv1046_Brandenburg_Concert_n1_1mov.mid
bach,031700b_.mid
bach,3Gebt_mir_meinen_Jesum_weider_Bass_Aria.mid
bach,12_Polonaise.mid
mozart,Symphony_n29_K201_1mov.mid
bach,Bwv0733_Fuga_Sopra_Magnificat.mid
bach,009106ch.mid
mozart,K354_Piano_Variations_Je_Suis_Lindor.mid
bach,Bwv0806_English_Suite_n1_08mov.mid
bach,034200b_.mid
bach,Bwv1005_Violin_Sonata_n3_3mov_Largo.mid
bach,Bwv1067_Orchestral_Suite_n2_3mov.mid
beethoven,Piano_Concerto_n4_op58_2mov.mid
bach,Wtcii11a.mid
bach,Bwv786_Invention_n15.mid
bach,010306b_.mid
bach,WT1_X7A.mid
bach,042300b_.mid
bach,Prelude_and_Fugue_in_C_Sharp_BWV_872.mid
beethoven,Bagatella_op33_n3.mid
beethoven,Piano_Sonata_n14_op27_2mov_Moonlight.mid
mozart,Symphony_n30_K202_1mov.mid
bach,Bwv0791_Sinfonia_n5.mid
bach,030600b_.mid
mozart,Symphony_n31_K297_2mov_Paris.mid
bach,010406b_.mid
bach,007011b_.mid
bach,024537b_.mid
chopin,19_Polish_Songs_for_Solo_Voice_and_Piano_accomplements_No13.mid
bach,Bwv0788_Sinfonia_n2.mid
bach,035900b_.mid
mozart,Piano_Sonata_n18_K570.mid
bach,Piano_version_of_Bachs_two_part_inventions_No.mid
bach,Bwv1046_aSinfonia_h.mid
bach,034500b_.mid
bach,bsgjg_f.mid
chopin,Etude_op10_n07.mid
chopin,Nocturne_op32_n1.mid
bach,011407b_.mid
bach,Bwv1066_Orchestral_suite_n1_Gavotte.mid
bach,Bwv1087_14_Canons.mid
bach,017507b_.mid
beethoven,Symphony_op125_n9_1mov_Choral.mid
bach,Bwv0532_Toccata_and_Fugue.mid
bach,025000b_.mid
bach,066000b_.mid
bach,008305b_.mid
bach,022602b_.mid
bach,Bwv1055_Harpsichord_Concerto_n4_3mov.mid
bach,Bwv1067_Orchestral_Suite_n2_7mov.mid
bach,Bwv775_Invention_n04.mid
beethoven,Symphony_op125_n9_4mov_Choral.mid
beethoven,Hess057_Bagatella.mid
mozart,Symphony_n25_K183_3mov.mid
bach,WT1_8B.mid
bach,Bwv0558_Short_Prelude_and_Fugue_n6_Spurious.mid
chopin,Prelude_n19_op28.mid
chopin,Scherzo_No2_Opus31.mid
bach,Bwv1051_Brandenburg_Concert_n6_3mov.mid
chopin,Barcarolle_in_F_sharp_Major.mid
chopin,Etude_op10_n06.mid
bach,025100b_.mid
bach,Bwv1047_Brandenburg_Concert_n2_1mov.mid
mozart,K401_Fuga_in_G_minor.mid
bach,WTCII02A.mid
bach,040900b_.mid
bach,09_Aria_Qui_Sedes.mid
mozart,K333_Piano_Sonata_n13_2mov.mid
bach,WT1_X4A.mid
bach,025700b_.mid
mozart,K521_Piano_Sonata_4_Hands.mid
bach,043700b_.mid
bach,039200b_.mid
bach,WT1_XX_B.mid
bach,Wtcii10b.mid
bach,029800b_.mid
bach,033000b_.mid
bach,Musical_Offering_n13.mid
bach,bsgjg_c.mid
bach,Musical_Offering_n9_Ricercare_a_6.mid
bach,bsgjg_l.mid
beethoven,Piano_Concerto_n2_op19_2mov.mid
bach,010406bv.mid
bach,027900b_.mid
chopin,19_Polish_Songs_for_Solo_Voice_and_Piano_accomplements_No2.mid
bach,Musical_Offering_n15_Trio-Largo.mid
bach,Bwv1068_Orchestral_suite_n3_Gavotte.mid
bach,WT1_X_B.mid
bach,008707b_.mid
bach,014001b_.mid
bach,030100b_.mid
bach,069400b_.mid
bach,041400b_.mid
beethoven,op077_Fantaisie.mid
bach,Variation_21.mid
beethoven,Symphony_n2_op36_4mov.mid
mozart,Early_Pieces_n10_Air.mid
beethoven,Piano_Concerto_No5Mov1.mid
mozart,Symphony_n36_K425_1mov_Linz.mid
bach,016806b_.mid
bach,Bwv1055_Harpsichord_Concerto_n4_1mov.mid
bach,034300b_.mid
bach,033100b_.mid
bach,003907b_.mid
bach,Bwv03624.mid
bach,032900b_.mid
bach,Bwv1042_Violin_Concerto_n2_2mov.mid
bach,Variation_17.mid
bach,016506b_.mid
bach,Bwv772_Invention_n01.mid
mozart,K309_Piano_Sonata_n10_1mov.mid
bach,041000b_.mid
mozart,Contradance_n2.mid
chopin,Sonata_op35_n3.mid
bach,Musical_Offering_n7.mid
chopin,Prelude_n15_op28_Raindrop.mid
bach,031200b_.mid
bach,040600b_.mid
mozart,K279_Piano_sonata_n01_2mov.mid
mozart,K545_Piano_Sonata.mid
bach,009507b_.mid
bach,024812b2.mid
bach,024429bb.mid
chopin,Prelude_n17_op28_Scene_On_the_Place_of_Notre_Dame.mid
bach,WT1_9A.mid
bach,025900b_.mid
chopin,Piano_Concerto_n1_op11_2mov.mid
chopin,19_Polish_Songs_for_Solo_Voice_and_Piano_accomplements_No16.mid
beethoven,Sonatina_op33_4mov.mid
beethoven,WoO060_Mouvement_Pour_Piano.mid
chopin,Etude_op10_n12_Revolutionary.mid
bach,027400b_.mid
bach,WT1_XX1A.mid
beethoven,Piano_Sonata_No27__3rd_mov.mid
bach,Variation_13.mid
mozart,K05_Minuet_for_Harpsichord.mid
bach,024415bv.mid
bach,007007b_.mid
beethoven,Bagatella_op33_n1.mid
bach,Bwv0298ch.mid
bach,Bwv802_Four_Inventions_Duettos_Clavier-U_bung_III_n1.mid
bach,010107bv.mid
bach,040500b_.mid
bach,031800b_.mid
bach,Variation_08.mid
beethoven,WoO086_Scotish.mid
mozart,K393_Solfeggi_n2.mid
bach,Bwv1069_Orchestral_Suite_n4_4mov.mid
bach,Bwv1042_Violin_Concerto_n2_3mov.mid
beethoven,Symphony_n1_4mov.mid
bach,031900b_.mid
beethoven,Piano_Sonata_n27.mid
bach,Bwv1051_Brandenburg_Concert_n6_1mov.mid
bach,Bwv1048_Brandenburg_Concert_n3_1mov_B.mid
bach,032600b_.mid
bach,024842b4.mid
bach,034900b_.mid
mozart,Early_Pieces_n5_Country_Dance.mid
bach,Bwv0582_Passacaglia_and_Fugue_Orchestral.mid
beethoven,Symphony_op93_n8_4mov.mid
beethoven,Piano_Sonata_n30.mid
bach,040800b_.mid
bach,WT1_X9B.mid
bach,Wtcii13b.mid
bach,037200b_.mid
bach,Bwv0806_English_Suite_n1_05mov.mid
bach,Wtcii23b.mid
bach,Wtcii24b.mid
bach,043100b_.mid
bach,invent8.mid
bach,Bwv0998_Prelude_Fugue_Allegro_for_Lute_3mov.mid
bach,026800b_.mid
bach,025500b_.mid
beethoven,Sonata_Opus111_C_minor_No1.mid
beethoven,String_Quartet_n16_op135_3mov.mid
bach,033200b_.mid
bach,Bwv1041_Violin_Concerto_n1_3mov.mid
beethoven,Symphony_n5_op67_1mov.mid
chopin,Nocturne_op15_n2.mid
bach,Bwv1050_Brandenburg_Concert_n5_1-2-3movs.mid
bach,015301b_.mid
bach,026500b_.mid
bach,017206b_.mid
mozart,Adagio_in_B_flat.mid
mozart,K314_Flute_Concerto_n2_3mov.mid
bach,039800b_.mid
bach,039600b_.mid
mozart,Symphony_n35_K385_1mov_Haffner.mid
bach,Bwv0563_Fantasie_con_imitation.mid
mozart,K333_Piano_Sonata_n13_3mov.mid
chopin,Impromptu_n3_op51.mid
bach,7Ko_nnen_Tra_nen_meiner_Wangen_nichts_erlangen_Alto_Aria.mid
bach,Variation_07.mid
bach,Unfinished_Fugue.mid
bach,030500b_.mid
bach,invent5.mid
bach,026300b_.mid
mozart,Piano_Sonata_n19_K576.mid
chopin,Etude_op10_n01.mid
bach,Bwv0306.mid
bach,006206bv.mid
bach,017206ch.mid
beethoven,Sketch_for_Piano_Allegretto.mid
chopin,Nocturne_op33_n2.mid
chopin,19_Polish_Songs_for_Solo_Voice_and_Piano_accomplements_No9.mid
bach,Bwv1067_Orchestral_Suite_n2_1mov.mid
bach,008405b_.mid
beethoven,Hess074_Bagatella.mid
bach,Bwv1066_Orchestral_suite_n1_Bouree.mid
bach,030700b_.mid
bach,036000b_.mid
bach,Piano_version_of_Bachs_two_part_inventions_No7.mid
beethoven,Piano_Concerto_n5_op73_1mov_Emperor.mid
bach,038200b_.mid
bach,Bwv1049_Brandenburg_Concert_n4_3mov.mid
bach,012406b_.mid
bach,Bwv1054_Harpsichord_Concerto_n3_1mov.mid
mozart,Symphony_n22_K162_1mov.mid
chopin,Etude_op25_n07.mid
beethoven,Piano_Sonata_n17_Tempestat.mid
bach,032400b_.mid
mozart,Symphony_n39_K543_1mov.mid
beethoven,WoO061_Mouvement_Pour_Piano.mid
bach,Bwv1052_Harpsichord_Concerto_n1_3mov.mid
bach,05_Aria_For_Soprano.mid
chopin,Prelude_n04_op28_Suffocation.mid
bach,Bwv0136.mid
mozart,Piano_Concerto_n23_K488_3mov.mid
mozart,Piano_Sonata_n06_K284.mid
bach,WT1_X1A.mid
beethoven,WoO049_Rondo.mid
bach,1Bass_Aria.mid
bach,012506b_.mid
bach,12_Chor_Credo_In_Unum_Deum.mid
mozart,Symphony_n36_K425_2mov_Linz.mid
beethoven,Lieder_op48_n6_Busslied.mid
bach,WTCII12A.mid
bach,035000b_.mid
mozart,K398_Piano_Variations_Salve_Tu_Domine.mid
bach,066700b_.mid
bach,040000b_.mid
bach,Bwv1066_Orchestral_Suite_n1_1mov.mid
bach,Bwv0811_English_Suite_n6_2mov.mid
beethoven,String_Quartet_n2_op18_n2_1mov.mid
mozart,K280_Piano_sonata_n02_1mov.mid
bach,007614b_.mid
bach,Wtcii19b.mid
bach,Musical_Offering_n2_Canon_Perpetuus.mid
bach,Bwv1048_Brandenburg_Concert_n3_2-3movs.mid
bach,006402b_.mid
mozart,Symphony_n40_K550_3mov.mid
bach,Bwv0793_Sinfonia_n7.mid
bach,026200b_.mid
mozart,Piano_Sonata_n11_K331.mid
bach,030900b_.mid
chopin,Prelude_n22_op28_Impatience.mid
mozart,K361_Serenade_n10_3mov.mid
bach,Bwv0806_English_Suite_n1_03mov.mid
mozart,K622_Clarinet_Concerto_3mov.mid
bach,022902b_.mid
bach,WT1_X6A.mid
beethoven,Piano_Concerto_n2_op19_3mov.mid
mozart,Early_Pieces_n6_Llittle_minuet.mid
mozart,Piano_Concerto_n16_K451_3mov.mid
mozart,K279_Piano_sonata_n01_3mov.mid
beethoven,Piano_Sonata_n21_1mov_Waldstein.mid
bach,Bwv0916_Toccata.mid
mozart,K546_Adagio__Fugue_for_Strings.mid
mozart,K626_Requiem_12_agnus_dei.mid
mozart,Piano_Concerto_n18_K456_3mov_Paradis.mid
bach,Musical_Offering_n3.mid
chopin,Revolutionary.mid
bach,Variation_05.mid
bach,11_Chor_Cum_Sancto.mid
chopin,Nocturne_No1_Opus62.mid
bach,Wtcii04b.mid
bach,WTCII14A.mid
bach,073300b_.mid
bach,WT1_X1B.mid
beethoven,32_Variations_on_a_theme.mid
bach,14_Polonaise.mid
bach,Variation_30.mid
beethoven,Piano_sonata_n26_Les_Adieux.mid
chopin,Etude_No7_in_C_Major_Opus10_No7.mid
bach,Bwv1066_Orchestral_Suite_n1_7mov.mid
beethoven,Piano_Sonata_n07.mid
bach,Bwv0544_Prelude_and_Fugue.mid
bach,012008ba.mid
bach,065800b_.mid
bach,024859b6.mid
bach,Variation_20.mid
mozart,K381_Piano_Sonata_4_Hands.mid
bach,Bwv1058_Harpsichord_Concerto_n7_2mov.mid
bach,035500b_.mid
mozart,K497_Piano_Sonata_4_Hands.mid
bach,Wtcii10a.mid
bach,Variation_28.mid
bach,Bwv0560_Short_Prelude_and_Fugue_n8_Spurious.mid
bach,Bwv0806_English_Suite_n1_09mov.mid
bach,Bwv0539_Prelude_and_Fugue.mid
bach,Prelude_from_Sonata_n6.mid
bach,011205b_.mid
beethoven,Lieder_op48_n4_Die_Ehre_Gottes_Aus_Der_Natur.mid
bach,Bwv0938_Little_Prelude_n6.mid
mozart,K622_Clarinet_Concerto_1mov.mid
bach,Bwv1066_Orchestral_suite_n1_Overture.mid
bach,042200b_.mid
beethoven,Symphony_n2_op36_2mov.mid
bach,033400b_.mid
mozart,K495_Horn_Concerto_n4_3mov.mid
bach,Bwv0036.mid
bach,064700b_.mid
bach,009307b_.mid
bach,17_Bass_Aria_Et_In_Spritum.mid
mozart,K620_Overture_The_Magic_Flute.mid
bach,Variation_24.mid
mozart,K393_Solfeggi_n1.mid
chopin,Prelude_n01_op28_Reunion.mid
bach,Wtcii11b.mid
mozart,Piano_Concerto_n23_K488_1mov.mid
bach,Toccata_and_Fugue_in_D_minor_BWV_565_Busoni_Piano_Arr.mid
bach,Bwv0549_Prelude_and_Fugue.mid
bach,Musical_Offering_n8.mid
bach,Variation_15.mid
bach,Variation_27.mid
bach,Variation_26.mid
bach,10_Menuet.mid
bach,012306b_.mid
beethoven,Piano_Sonata_n10_2mov.mid
bach,039700b_.mid
chopin,19_Polish_Songs_for_Solo_Voice_and_Piano_accomplements_No19.mid
bach,Bwv018a5.mid
bach,015105b_.mid
chopin,Winter_wind_etude.mid
bach,069100orn.mid
mozart,K332_Piano_Sonata_n12_2mov.mid
bach,009207b_.mid
chopin,Waltz_op70_n2.mid
mozart,Piano_Concerto_n26_K537_1mov_Coronation.mid
bach,Variation_00_Aria.mid
bach,Simple_Fugue_Inverted_Subject_n1.mid
mozart,Viennese_Sonatinas_K439b_n2_1mov.mid
bach,WTCII23A.mid
bach,Bwv1041_Violin_Concerto_n1_2mov.mid
bach,036500b_.mid
bach,Bwv0806_English_Suite_n1_07mov.mid
bach,024828b3.mid
beethoven,134.mid
bach,13_Marche.mid
mozart,Viennese_Sonatinas_K439b_n2_3mov.mid
beethoven,Piano_Concerto_No5Mov3.mid
beethoven,Piano_Concerto_n3_op37_1mov.mid
mozart,Early_Pieces_n18_Little_Song.mid
bach,109100b_.mid
bach,027800b_.mid
bach,Bwv1014_Harpsicord_and_Violin_Sonata_1mov.mid
chopin,Sonata_No3_2nd_Mov_Scherzo.mid
bach,014806b_.mid
bach,Bwv0057.mid
bach,bsgjg_b.mid
bach,Bwv1053_Harpsichord_Concerto_n2_3mov.mid
bach,065200b_.mid
chopin,Etude_op25_n05.mid
mozart,K622_Clarinet_Concerto_2mov.mid
chopin,Sonata_op35_n2.mid
bach,073800b_.mid
mozart,Piano_Concerto_n12_K414_1mov.mid
bach,02_Christe_Eleison.mid
beethoven,Sonata_for_Piano__Cello_n2_op05.mid
bach,005605b_.mid
mozart,Piano_Concerto_n17_K453_3mov.mid
bach,015403b_.mid
bach,024515B_.mid
bach,031400b_.mid
bach,WT1_X8A.mid
bach,Bwv0535_Prelude_and_Fugue.mid
bach,Bwv1057_Harpsichord_Concerto_n6_3mov.mid
bach,Piano_version_of_Bachs_two_part_inventions_No4.mid
bach,Bwv1062_Two_Harpsichords_Concerto_n3.mid
bach,040100b_.mid
bach,Bwv1067_Orchestral_suite_n2_Rondeau.mid
beethoven,Opus045_Three_Grandes_Marches.mid
mozart,Piano_Concerto_n20_K466_2mov.mid
beethoven,Piano_Sonata_n19.mid
bach,bsgjg_a.mid
bach,024864qt.mid
bach,033800b_.mid
beethoven,String_Quartet_n2_op18_n2_3mov.mid
beethoven,13.mid
beethoven,Piano_Sonata_n06.mid
bach,10Wir_setzen_uns_mit_Tra_nen_nieder_Chorus.mid
mozart,Piano_Concerto_n7_for_3_Pianos_K242_3mov_Lodron.mid
bach,Bwv1066_Orchestral_suite_n1_Passpied.mid
bach,Bwv02011.mid
bach,06_Chor_Gratias_Animus_Tibi.mid
bach,042000b_.mid
beethoven,Piano_Sonata_n09.mid
mozart,Piano_Concerto_n8_K246_1mov.mid
bach,014505b_.mid
bach,Variation_19.mid
chopin,Prelude_n18_op28_Suicide.mid
bach,042500b_.mid
bach,Bwv1053_Harpsichord_Concerto_n2_2mov.mid
bach,Bwv0795_Sinfonia_n9.mid
bach,Bwv1057_Harpsichord_Concerto_n6_2mov.mid
beethoven,WoO083_Six_Escotish_Dances_for_Piano.mid
bach,17_Polonaise.mid
beethoven,Piano_Sonata_n15_Pastoral.mid
bach,Bwv0127.mid
bach,Bwv1069_Orchestral_suite_n4_Overture.mid
bach,Bwv1066_Orchestral_Suite_n1_6mov.mid
bach,Bwv1069_Orchestral_suite_n4_Menuet.mid
bach,Bwv0594_Vivaldi_Concerto_Arrangement_RV208.mid
beethoven,Rondo_Opus51_No1.mid
bach,031000b_.mid
mozart,Piano_Concerto_n20_K466_3mov.mid
beethoven,Piano_Romance__No50.mid
bach,024415b_.mid
bach,012905b_.mid
chopin,Etude_op25_n01_Harp_Etude.mid
bach,009801b_.mid
mozart,K427_Great_Mass_1mov.mid
bach,Canon_Fugue_n3.mid
mozart,Symphony_n39_K543_3mov.mid
bach,006906bav.mid
bach,Bwv0527_Sonate_en_trio_n3.mid
bach,Musical_Offering_n12.mid
chopin,Tarantella.mid
mozart,Fantasia_in_D_K397.mid
beethoven,Piano_Sonatina_in_G_Op79.mid
bach,Bwv1066_Orchestral_suite_n1_Menuet.mid
bach,066500b_.mid
chopin,Prelude_n07_op28_The_Polish_Dance.mid
bach,Bwv0336.mid
mozart,K317_Coronation_Mass_5mov.mid
bach,9O_Haupt_voll_Blut_und_Wunden_Chorus.mid
bach,064900b_.mid
chopin,Etude_op_10-5_Black_keys.mid
mozart,K191_Bassoon_Concerto_3mov.mid
mozart,K330_Piano_Sonata_n10_1mov.mid
mozart,K626_Requiem_05_Recordare.mid
mozart,Piano_Sonata_n07_K309.mid
bach,Counter_Fugue_n1.mid
bach,bsgjg_j.mid
bach,026400b_.mid
chopin,19_Polish_Songs_for_Solo_Voice_and_Piano_accomplements_No3.mid
mozart,Piano_Concerto_n18_K456_1mov_Paradis.mid
bach,Bwv0801_Sinfonia_n15.mid
beethoven,Symphony_op93_n8_2mov.mid
bach,Bwv1046_Brandenburg_Concert_n1_3mov.mid
beethoven,Symphony_op125_n9_3mov_Choral.mid
bach,Wtcii24a.mid
mozart,K492_Overture_Le_Nozze_di_Figaro.mid
bach,Musical_Offering_n4.mid
mozart,Piano_Sonata_n01_K279.mid
bach,035200b_.mid
bach,014505bv.mid
bach,029500b_.mid
bach,Bwv1067_Orchestral_suite_n2_Polonais.mid
beethoven,Rondo_in_B_flat.mid
bach,Jesu_Joy_of_Man_Desiring.mid
chopin,Etude_No1.mid
bach,024817b2.mid
bach,Bwv779_Invention_n08.mid
chopin,Nocturne_No15_in_F_Minor_Opus55_-1.mid
bach,Simple_Fugue_Inverted_Subject_n2.mid
bach,006906ba.mid
mozart,Contradance_n3.mid
bach,035700b_.mid
bach,014403b_.mid
bach,bsgjg_g.mid
bach,007206b_.mid
bach,WT1_1A.mid
chopin,Piano_Concerto_n2_2mov.mid
mozart,Contradance_n1.mid
bach,Piano_version_of_Bachs_two_part_inventions_No8.mid
bach,WT1_X7B.mid
mozart,K331_Piano_sonata_n11_3mov.mid
bach,Variation_04.mid
bach,013006b_.mid
mozart,Symphony_n40_K550_1mov.mid
chopin,Etude_op25_n04.mid
chopin,Etude_op25_n08.mid
beethoven,March_No3.mid
mozart,K570_Piano_Sonata_3mov.mid
bach,026600b_.mid
bach,Bwv0016.mid
beethoven,Piano_Sonata_n28.mid
bach,Bwv0556_Short_Prelude_and_Fugue_n4_Spurious.mid
chopin,Grande_Waltz_op18.mid
chopin,Nocturne_op09_n2.mid
bach,Bwv0026.mid
bach,Bwv0811_English_Suite_n6_3mov.mid
bach,029000b_.mid
mozart,A_piece_for_PianoK176.mid
bach,037300bv.mid
bach,013506b_.mid
bach,Triple_Fugue_n2.mid
bach,004311b_.mid
mozart,Symphony_n28_K200_2mov.mid
bach,Bwv1042_Violin_Concerto_n2_1mov.mid
chopin,Nocturne_op27_n1.mid
bach,Tocatto_No1_in_F_Sharp_Minor_BWV_910.mid
mozart,K525_Serenade_4mov_Eine_Kleine_Natchmusik.mid
bach,Simple_Fugue_Regular_Subject_n2.mid
bach,15_Musette.mid
bach,Bwv0533_Prelude_and_Fugue.mid
bach,13_Chor_Patrem_Omnipotentem.mid
beethoven,WoO055_Prelude.mid
bach,WT1_XX_A.mid
bach,invent14.mid
bach,004803b_.mid
beethoven,Piano_Sonata_n22.mid
beethoven,Piano_Sonata_No27.mid
bach,011704v1.mid
bach,008008b_.mid
bach,16_Et_Ressurexit.mid
bach,Bwv1068_Orchestral_Suite_n3_5mov.mid
bach,039000b_.mid
bach,016406b_.mid
bach,033600b_.mid
bach,008506b_.mid
bach,Bwv0997_Partita_for_Lute_5mov.mid
mozart,K626_Requiem_02_rextremendae.mid
bach,Bwv001.mid
beethoven,Piano_Sonata_n08_op13_2mov_Pathetique.mid
bach,076902b_.mid
beethoven,String_Quartet_n1_op18_1mov.mid
bach,Bwv1066_Orchestral_Suite_n1_2mov.mid
bach,031300b_.mid
bach,Bwv0529_Sonate_en_trio_n5.mid
bach,WTCII05A.mid
bach,024835b3.mid
bach,Bwv1067_Orchestral_Suite_n2_6mov.mid
bach,011106b_.mid
bach,Wtcii18b.mid
mozart,Piano_Concerto_n25_K503_3mov.mid
beethoven,Sieben_Bagatellen_in_D_Major_Opus33_No6.mid
beethoven,String_Quartet_n16_op135_1mov.mid
chopin,Nocturne_No18_in_E_Major_Op62.mid
mozart,Piano_Sonata_n05_K283.mid
chopin,Ballad_op53.mid
bach,Bwv0789_Sinfonia_n3.mid
bach,Bwv0911_Toccata.mid
bach,WTCII04A.mid
bach,028900b_.mid
beethoven,Symphony_n4_3mov.mid
bach,024462b_.mid
mozart,K339_Vesperae_solemnes_de_confessore_Vespers_1mov_Dixit_Dominus.mid
chopin,19_Polish_Songs_for_Solo_Voice_and_Piano_accomplements_No15.mid
bach,Prelude_and_Fugue_in_D.mid
bach,031100b_.mid
chopin,2542Prelude_opus28_No16_in_B_flat_minor.mid
bach,028300b_.mid
bach,Musical_Offering_n10.mid
bach,Canon_Fugue_n1.mid
bach,006507b_.mid
bach,Variation_03.mid
mozart,K03_Allegro_in_Bb.mid
bach,034400b_.mid
bach,041900b_.mid
bach,Wtcii01b.mid
beethoven,Symphony_n5_op67_3-4mov.mid
beethoven,Sonatina_n1_op05.mid
mozart,K525_Serenade_1mov_Eine_Kleine_Natchmusik.mid
chopin,Finale_to_B_Minor_Paino_Sonata.mid
mozart,Piano_Sonata_n09_K310.mid
bach,019710b_.mid
beethoven,Rondo_Opus51_No2.mid
bach,Variation_18.mid
bach,Bwv0077.mid
mozart,Symphony_n33_K319_1mov.mid
beethoven,Piano_Sonata_No_28_in_B_flat_-Hammerklavier-_Op106_2nd_Mov_Scherzo.mid
beethoven,op051_3_Rondos.mid
mozart,K608_Fantasia_for_Mechanical_Organ.mid
mozart,Early_Pieces_n17_Siciliano.mid
chopin,Etude_op25_n06.mid
bach,029900b_.mid
beethoven,Violin_Concerto_op61_1mov.mid
chopin,Nocturne_op37_n2.mid
bach,Bwv1043_Two_Violins_Concerto_n3_2mov.mid
bach,Bwv0566_Prelude_and_Fugue.mid
bach,033300b_.mid
beethoven,83.mid
bach,035800b_.mid
bach,Wtcii17b.mid
chopin,Prelude_n20_op28_Funeral_March.mid
bach,040900bv.mid
chopin,Prelude_n14_op28_Fear.mid
mozart,Symphony_n22_K162_3mov.mid
chopin,Ecossaise_No2_in_G.mid
bach,Wtcii16b.mid
mozart,K626_Requiem_08_offertorio_domine_jesu.mid
bach,018007b_.mid
bach,Bwv0906_Fantasia_and_Fugue.mid
chopin,19_Polish_Songs_for_Solo_Voice_and_Piano_accomplements_No17.mid
beethoven,Andante_in_F_Major.mid
bach,013702b_.mid
bach,Bwv1067_Orchestral_Suite_n2_4mov.mid
bach,Bwv0185.mid
bach,024864b6.mid
bach,WT1_X2A.mid
bach,Piano_version_of_Bachs_two_part_inventions_No9.mid
bach,024528b_.mid
bach,024514b_.mid
bach,19_Sanctus.mid
chopin,Ballade_No2_in_F_Major.mid
bach,028100b_.mid
chopin,Nocturne_op09_n3.mid
bach,WT1_X5B.mid
mozart,Early_Pieces_n19_Giga.mid
bach,Bwv0914_Toccata.mid
beethoven,Symphony_op68_n6_2mov_Pastorale.mid
bach,Variation_02.mid
chopin,Sonata_No3_1st_Mov_Allegro.mid
bach,038300b_.mid
mozart,Early_Pieces_n1_Andante.mid
bach,Bwv0177.mid
bach,024432b_.mid
bach,01_Menuet.mid
mozart,Symphony_n34_K338_1mov.mid
bach,028800b_.mid
bach,016106b_.mid
bach,011704v2.mid
mozart,K573_9_Variations_for_Piano_Uber_Duport.mid
bach,Bwv0565_Toccata_and_Fugue_In_Dm_A.mid
bach,029300b_.mid
beethoven,Piano_Concerto_n5_op73_2-3mov_Emperor.mid
bach,Bwv1068_Orchestral_Suite_n3_4mov.mid
mozart,K626_Requiem_04_Dies_Irae.mid
beethoven,Overture_Leonore_n2_op72.mid
bach,029400b_.mid
bach,030400b_.mid
mozart,K317_Coronation_Mass_6mov.mid
bach,041200b_.mid
bach,Bwv1068_Orchestral_Suite_n3_3mov.mid
mozart,K136_Divertimento_2mov.mid
bach,Variation_06.mid
mozart,Piano_Sonata_n03_K281.mid
bach,Variation_10.mid
bach,038900b_.mid
bach,007011ch.mid
mozart,Early_Pieces_n7_Country_dance.mid
beethoven,Anh08Nb1_Gavotte_4_hands.mid
beethoven,Bagatella_op33_n6.mid
mozart,K317_Coronation_Mass_4mov.mid
bach,Bwv0912_Toccata.mid
bach,010602b_.mid
bach,Bwv1051_Brandenburg_Concert_n6_2mov.mid
bach,017705b_.mid
bach,23_Donna_Nobis_Pacem.mid
bach,Bwv1054_Harpsichord_Concerto_n3_3mov.mid
bach,051000b_.mid
bach,005206b_.mid
beethoven,Piano_Sonata_n25.mid
beethoven,Violin_Concerto_op61_2-3movs.mid
bach,037800b_.mid
bach,Musical_Offering_n1_Ricercare_a_3.mid
bach,Bwv1052_Harpsichord_Concerto_n1_2mov.mid
bach,028000b_.mid
bach,024503b_.mid
bach,036100b_.mid
mozart,Piano_Concerto_n26_K537_3mov_Coronation.mid
