composer,filename,work,fold
bach,AveMaria.mid,avemaria,1
bach,01_Menuet.mid,01_menuet,2
bach,02_Menuet.mid,02_menuet,3
bach,03_Menuet.mid,03_menuet,0
bach,04_Menuet.mid,04_menuet,3
bach,05_Polonaise.mid,05_polonaise,0
bach,06_Menuet.mid,06_menuet,3
bach,07_Rondo.mid,07_rondo,1
bach,08_Polonaise.mid,08_polonaise,4
bach,09_Menuet.mid,09_menuet,4
bach,10_Menuet.mid,10_menuet,4
bach,11_Marche.mid,11_marche,3
bach,12_Polonaise.mid,12_polonaise,4
bach,13_Marche.mid,13_marche,3
bach,14_Polonaise.mid,14_polonaise,2
bach,16_Marche.mid,16_marche,0
bach,17_Polonaise.mid,17_polonaise,3
bach,003706b_.mid,003706b,4
bach,003806b_.mid,003806b,4
bach,003907b_.mid,003907b,1
bach,003907bv.mid,003907bv,0
bach,004003b_.mid,004003b,0
bach,004006b_.mid,004006b,3
bach,004008b_.mid,004008b,2
bach,004106b_.mid,004106b,4
bach,004106bs.mid,004106bs,3
bach,004207b_.mid,004207b,0
bach,004407b_.mid,004407b,3
bach,004606b_.mid,004606b,4
bach,004606bs.mid,004606bs,0
bach,004705b_.mid,004705b,0
bach,004803b_.mid,004803b,2
bach,004807b_.mid,004807b,0
bach,005206b_.mid,005206b,4
bach,005505b_.mid,005505b,0
bach,005605b_.mid,005605b,4
bach,005708b_.mid,005708b,3
bach,005903b_.mid,005903b,0
bach,006005b_.mid,006005b,0
bach,006106b_.mid,006106b,0
bach,006206b_.mid,006206b,1
bach,006402b_.mid,006402b,4
bach,006408b_.mid,006408b,3
bach,006502b_.mid,006502b,0
bach,006507b_.mid,006507b,0
bach,006606b_.mid,006606b,0
bach,006704b_.mid,006704b,2
bach,006906b_.mid,006906b,1
bach,006906ba.mid,006906ba,1
bach,006906bav.mid,006906bav,3
bach,007007b_.mid,007007b,2
bach,007011b_.mid,007011b,0
bach,007011ch.mid,007011ch,0
bach,007206b_.mid,007206b,4
bach,007305b_.mid,007305b,2
bach,007305bv.mid,007305bv,4
bach,007408b_.mid,007408b,3
bach,007507b_.mid,007507b,2
bach,007514b_.mid,007514b,2
bach,007607b_.mid,007607b,2
bach,007614b_.mid,007614b,0
bach,007706b_.mid,007706b,0
bach,007807b_.mid,007807b,4
bach,007903b_.mid,007903b,0
bach,007903bs.mid,007903bs,0
bach,007906b_.mid,007906b,3
bach,008008b_.mid,008008b,0
bach,008107b_.mid,008107b,4
bach,008305b_.mid,008305b,0
bach,008405b_.mid,008405b,3
bach,008606b_.mid,008606b,3
bach,008906b_.mid,008906b,3
bach,009005b_.mid,009005b,4
bach,009106b_.mid,009106b,1
bach,009106ch.mid,009106ch,0
bach,009207b_.mid,009207b,3
bach,009209b_.mid,009209b,1
bach,009307b_.mid,009307b,2
bach,009408b_.mid,009408b,0
bach,009606b_.mid,009606b,4
bach,009709ch.mid,009709ch,4
bach,009801b_.mid,009801b,1
bach,009906b_.mid,009906b,3
bach,010006b_.mid,010006b,1
bach,010107b_.mid,010107b,2
bach,010207b_.mid,010207b,1
bach,010306b_.mid,010306b,4
bach,010506b_.mid,010506b,3
bach,010602b_.mid,010602b,3
bach,010707b_.mid,010707b,4
bach,010806b_.mid,010806b,0
bach,011007b_.mid,011007b,4
bach,011106b_.mid,011106b,0
bach,011205b_.mid,011205b,3
bach,011308b_.mid,011308b,4
bach,011407b_.mid,011407b,0
bach,011506b_.mid,011506b,4
bach,011506bv.mid,011506bv,4
bach,011606b_.mid,011606b,3
bach,011704b_.mid,011704b,1
bach,011704v1.mid,011704v1,1
bach,011704v2.mid,011704v2,3
bach,011909b_.mid,011909b,0
bach,012008ba.mid,012008ba,4
bach,012106b_.mid,012106b,3
bach,012206b_.mid,012206b,4
bach,012306b_.mid,012306b,1
bach,012406b_.mid,012406b,2
bach,012506b_.mid,012506b,4
bach,012606bv.mid,012606bv,3
bach,012705b_.mid,012705b,3
bach,012805b_.mid,012805b,0
bach,012905b_.mid,012905b,0
bach,013006b_.mid,013006b,3
bach,013306b_.mid,013306b,0
bach,013606b_.mid,013606b,1
bach,013701b_.mid,013701b,1
bach,013702b_.mid,013702b,4
bach,013705ch.mid,013705ch,0
bach,013807b_.mid,013807b,4
bach,013906b_.mid,013906b,4
bach,014001b_.mid,014001b,0
bach,014004b_.mid,014004b,3
bach,014007b_.mid,014007b,3
bach,014403b_.mid,014403b,2
bach,014406b_.mid,014406b,3
bach,014500ba.mid,014500ba,2
bach,014505b_.mid,014505b,2
bach,014505bv.mid,014505bv,1
bach,014608b_.mid,014608b,1
bach,014706b_.mid,014706b,1
bach,014806b_.mid,014806b,2
bach,014806bv.mid,014806bv,4
bach,014907b_.mid,014907b,1
bach,014907ch.mid,014907ch,1
bach,015105b_.mid,015105b,1
bach,015301b_.mid,015301b,4
bach,015305b_.mid,015305b,3
bach,015309b_.mid,015309b,1
bach,015403b_.mid,015403b,4
bach,015408b_.mid,015408b,4
bach,015505b_.mid,015505b,1
bach,015606b_.mid,015606b,1
bach,015705b_.mid,015705b,4
bach,015804b_.mid,015804b,3
bach,015905b_.mid,015905b,3
bach,016106b_.mid,016106b,2
bach,016206b_.mid,016206b,0
bach,016406b_.mid,016406b,0
bach,016506b_.mid,016506b,4
bach,016606b_.mid,016606b,1
bach,016806b_.mid,016806b,0
bach,016907b_.mid,016907b,1
bach,017106b_.mid,017106b,2
bach,017206b_.mid,017206b,0
bach,017206ch.mid,017206ch,4
bach,017206vn.mid,017206vn,4
bach,017405b_.mid,017405b,1
bach,017507b_.mid,017507b,1
bach,017507ch.mid,017507ch,2
bach,017606b_.mid,017606b,1
bach,017705bv.mid,017705bv,4
bach,017807b_.mid,017807b,4
bach,017906b_.mid,017906b,2
bach,018007b_.mid,018007b,4
bach,018007bv.mid,018007bv,0
bach,018305b_.mid,018305b,0
bach,018405b_.mid,018405b,3
bach,018405bv.mid,018405bv,0
bach,018506b_.mid,018506b,1
bach,018707b_.mid,018707b,3
bach,018806b_.mid,018806b,0
bach,019007ch.mid,019007ch,1
bach,019406b_.mid,019406b,1
bach,019406bv.mid,019406bv,3
bach,019412b_.mid,019412b,0
bach,019506b_.mid,019506b,2
bach,019710b_.mid,019710b,4
bach,022602b_.mid,022602b,2
bach,022602bv.mid,022602bv,4
bach,022701b_.mid,022701b,2
bach,022703b_.mid,022703b,2
bach,022711b_.mid,022711b,4
bach,022902b_.mid,022902b,2
bach,024310b_.mid,024310b,0
bach,024403b_.mid,024403b,2
bach,024410b_.mid,024410b,1
bach,024415b_.mid,024415b,4
bach,024415bv.mid,024415bv,4
bach,024417b_.mid,024417b,3
bach,024417bv.mid,024417bv,0
bach,024429bb.mid,024429bb,2
bach,024437b_.mid,024437b,0
bach,024440b_.mid,024440b,0
bach,024444b_.mid,024444b,0
bach,024446b_.mid,024446b,2
bach,024454b_.mid,024454b,0
bach,024462b_.mid,024462b,3
bach,024462bv.mid,024462bv,4
bach,024503b_.mid,024503b,3
bach,024505b_.mid,024505b,1
bach,024511b_.mid,024511b,2
bach,024514b_.mid,024514b,3
bach,024517b_.mid,024517b,0
bach,024522b_.mid,024522b,1
bach,024526b_.mid,024526b,3
bach,024528b_.mid,024528b,0
bach,024537b_.mid,024537b,2
bach,024540b_.mid,024540b,2
bach,024805b1.mid,024805b1,4
bach,024809b1.mid,024809b1,3
bach,024809bs.mid,024809bs,1
bach,024812b2.mid,024812b2,3
bach,024817b2.mid,024817b2,3
bach,024823b2.mid,024823b2,4
bach,024823bs.mid,024823bs,4
bach,024828b3.mid,024828b3,3
bach,024833b3.mid,024833b3,0
bach,024835b3.mid,024835b3,1
bach,024842b4.mid,024842b4,0
bach,024846b5.mid,024846b5,4
bach,024853b5.mid,024853b5,0
bach,024859b6.mid,024859b6,4
bach,024864b6.mid,024864b6,1
bach,024864bs.mid,024864bs,4
bach,024864qt.mid,024864qt,3
bach,025000b_.mid,025000b,3
bach,025100b_.mid,025100b,3
bach,025200b_.mid,025200b,2
bach,025300b_.mid,025300b,2
bach,025400b_.mid,025400b,4
bach,025500b_.mid,025500b,1
bach,025600b_.mid,025600b,0
bach,025700b_.mid,025700b,0
bach,025800b_.mid,025800b,2
bach,025900b_.mid,025900b,4
bach,026000b_.mid,026000b,2
bach,026100b_.mid,026100b,3
bach,026200b_.mid,026200b,2
bach,026300b_.mid,026300b,2
bach,026400b_.mid,026400b,4
bach,026500b_.mid,026500b,1
bach,026600b_.mid,026600b,2
bach,026700b_.mid,026700b,2
bach,026700ba.mid,026700ba,1
bach,026800b_.mid,026800b,1
bach,026900b_.mid,026900b,1
bach,027000b_.mid,027000b,1
bach,027100b_.mid,027100b,3
bach,027200b_.mid,027200b,0
bach,027300b_.mid,027300b,1
bach,027400b_.mid,027400b,2
bach,027500b_.mid,027500b,0
bach,027600b_.mid,027600b,1
bach,027800b_.mid,027800b,1
bach,027900b_.mid,027900b,4
bach,028000b_.mid,028000b,2
bach,028100b_.mid,028100b,4
bach,028200b_.mid,028200b,2
bach,028300b_.mid,028300b,2
bach,028400b_.mid,028400b,2
bach,028500b_.mid,028500b,2
bach,028600b_.mid,028600b,1
bach,028800b_.mid,028800b,3
bach,028900b_.mid,028900b,2
bach,029000b_.mid,029000b,3
bach,029100b_.mid,029100b,2
bach,029200b_.mid,029200b,4
bach,029300b_.mid,029300b,2
bach,029400b_.mid,029400b,2
bach,029600b_.mid,029600b,2
bach,029800b_.mid,029800b,1
bach,029900b_.mid,029900b,3
bach,030000b_.mid,030000b,0
bach,030200b_.mid,030200b,0
bach,030300b_.mid,030300b,2
bach,030400b_.mid,030400b,1
bach,030500b_.mid,030500b,4
bach,030600b_.mid,030600b,0
bach,030800b_.mid,030800b,0
bach,030900b_.mid,030900b,4
bach,031000b_.mid,031000b,1
bach,031100b_.mid,031100b,2
bach,031200b_.mid,031200b,0
bach,031300b_.mid,031300b,0
bach,031400b_.mid,031400b,1
bach,031600b_.mid,031600b,1
bach,031700b_.mid,031700b,2
bach,031800b_.mid,031800b,4
bach,032000b_.mid,032000b,2
bach,032100b_.mid,032100b,2
bach,032200b_.mid,032200b,4
bach,032300b_.mid,032300b,4
bach,032400b_.mid,032400b,0
bach,032500b_.mid,032500b,2
bach,032600b_.mid,032600b,3
bach,032700b_.mid,032700b,1
bach,032800b_.mid,032800b,3
bach,032900b_.mid,032900b,3
bach,033000b_.mid,033000b,1
bach,033100b_.mid,033100b,3
bach,033200b_.mid,033200b,0
bach,033300b_.mid,033300b,4
bach,033400b_.mid,033400b,2
bach,033500b_.mid,033500b,2
bach,033600b_.mid,033600b,2
bach,033700b_.mid,033700b,2
bach,033800b_.mid,033800b,1
bach,033900b_.mid,033900b,4
bach,034000b_.mid,034000b,3
bach,034100b_.mid,034100b,2
bach,034200b_.mid,034200b,2
bach,034300b_.mid,034300b,2
bach,034400b_.mid,034400b,4
bach,034600b_.mid,034600b,1
bach,034700b_.mid,034700b,3
bach,034800b_.mid,034800b,3
bach,034900b_.mid,034900b,3
bach,035000b_.mid,035000b,2
bach,035200b_.mid,035200b,4
bach,035300b_.mid,035300b,3
bach,035400b_.mid,035400b,4
bach,035500b_.mid,035500b,1
bach,035600b_.mid,035600b,0
bach,035700b_.mid,035700b,3
bach,035800b_.mid,035800b,3
bach,035900b_.mid,035900b,1
bach,036000b_.mid,036000b,4
bach,036100b_.mid,036100b,4
bach,036200b_.mid,036200b,3
bach,036300b_.mid,036300b,3
bach,036500b_.mid,036500b,0
bach,036600b_.mid,036600b,2
bach,036700b_.mid,036700b,0
bach,036800b_.mid,036800b,2
bach,036900b_.mid,036900b,1
bach,037000b_.mid,037000b,4
bach,037100b_.mid,037100b,2
bach,037200b_.mid,037200b,1
bach,037300b_.mid,037300b,0
bach,037300bv.mid,037300bv,2
bach,037400b_.mid,037400b,3
bach,037500b_.mid,037500b,4
bach,037600b_.mid,037600b,1
bach,037700b_.mid,037700b,4
bach,037800b_.mid,037800b,3
bach,037900b_.mid,037900b,1
bach,038000b_.mid,038000b,0
bach,038100b_.mid,038100b,4
bach,038300b_.mid,038300b,4
bach,038400b_.mid,038400b,4
bach,038500b_.mid,038500b,2
bach,038700b_.mid,038700b,2
bach,038800b_.mid,038800b,0
bach,038900b_.mid,038900b,3
bach,039000b_.mid,039000b,3
bach,039200b_.mid,039200b,1
bach,039300b_.mid,039300b,4
bach,039400b_.mid,039400b,3
bach,039500b_.mid,039500b,0
bach,039600b_.mid,039600b,3
bach,039700b_.mid,039700b,2
bach,039800b_.mid,039800b,1
bach,039900b_.mid,039900b,2
bach,040000b_.mid,040000b,3
bach,040100b_.mid,040100b,0
bach,040200b_.mid,040200b,4
bach,040400b_.mid,040400b,0
bach,040400bv.mid,040400bv,1
bach,040600b_.mid,040600b,0
bach,040700b_.mid,040700b,3
bach,040800b_.mid,040800b,0
bach,040900bv.mid,040900bv,0
bach,041000b_.mid,041000b,3
bach,041100b_.mid,041100b,4
bach,041200b_.mid,041200b,4
bach,041300b_.mid,041300b,0
bach,041400b_.mid,041400b,3
bach,041500b_.mid,041500b,0
bach,041600b_.mid,041600b,4
bach,041700b_.mid,041700b,1
bach,041800b_.mid,041800b,0
bach,041900b_.mid,041900b,4
bach,042000b_.mid,042000b,0
bach,042100b_.mid,042100b,1
bach,042200b_.mid,042200b,0
bach,042400b_.mid,042400b,0
bach,042500b_.mid,042500b,1
bach,042600b_.mid,042600b,0
bach,042800b_.mid,042800b,2
bach,042900b_.mid,042900b,3
bach,043000b_.mid,043000b,0
bach,043100b_.mid,043100b,3
bach,043200b_.mid,043200b,4
bach,043300b_.mid,043300b,4
bach,043400b_.mid,043400b,2
bach,043500b_.mid,043500b,1
bach,043600b_.mid,043600b,3
bach,043700b_.mid,043700b,3
bach,043800b_.mid,043800b,1
bach,060600b_.mid,060600b,3
bach,060800b_.mid,060800b,4
bach,060800qt.mid,060800qt,0
bach,064500b_.mid,064500b,3
bach,064600b_.mid,064600b,3
bach,064700b_.mid,064700b,1
bach,064800b_.mid,064800b,1
bach,065000b_.mid,065000b,0
bach,065100b_.mid,065100b,3
bach,065300b_.mid,065300b,4
bach,065400b_.mid,065400b,3
bach,065500b_.mid,065500b,2
bach,065800b_.mid,065800b,2
bach,065900b_.mid,065900b,4
bach,066000b_.mid,066000b,2
bach,066100b_.mid,066100b,2
bach,066200b_.mid,066200b,3
bach,066300b_.mid,066300b,2
bach,066400b_.mid,066400b,3
bach,066500b_.mid,066500b,0
bach,066800b_.mid,066800b,2
bach,066800com.mid,066800com,3
bach,069000b_.mid,069000b,3
bach,069100b_.mid,069100b,4
bach,069100orn.mid,069100orn,3
bach,069400b_.mid,069400b,3
bach,070000b_.mid,070000b,1
bach,070100b_.mid,070100b,3
bach,073300b_.mid,073300b,2
bach,073800b_.mid,073800b,3
bach,076901b_.mid,076901b,0
bach,076902b_.mid,076902b,2
bach,076904b_.mid,076904b,4
bach,076905b_.mid,076905b,1
bach,109100b_.mid,109100b,4
bach,Bwv0016.mid,bwv0016,2
bach,Bwv001.mid,bwv001,0
bach,Bwv0036.mid,bwv0036,4
bach,Bwv0048.mid,bwv0048,1
bach,Bwv0063.mid,bwv0063,0
bach,Bwv0066.mid,bwv0066,1
bach,Bwv0097.mid,bwv0097,1
bach,Bwv0107.mid,bwv0107,4
bach,Bwv0116.mid,bwv0116,4
bach,Bwv0127.mid,bwv0127,3
bach,Bwv0136.mid,bwv0136,1
bach,Bwv0145.mid,bwv0145,3
bach,Bwv0166.mid,bwv0166,4
bach,Bwv0177.mid,bwv0177,1
bach,Bwv0185.mid,bwv0185,4
bach,Bwv018a5.mid,bwv018a5,1
bach,Bwv0197.mid,bwv0197,1
bach,Bwv0197ch.mid,bwv0197ch,3
bach,Bwv02011.mid,bwv02011,0
bach,Bwv0207.mid,bwv0207,0
bach,Bwv0246.mid,bwv0246,4
bach,Bwv0256v1.mid,bwv0256v1,0
bach,Bwv0256v2.mid,bwv0256v2,4
bach,Bwv0266.mid,bwv0266,1
bach,Bwv0276.mid,bwv0276,4
bach,Bwv0286.mid,bwv0286,3
bach,Bwv0298.mid,bwv0298,2
bach,Bwv0298ch.mid,bwv0298ch,4
bach,Bwv0306.mid,bwv0306,0
bach,Bwv0306v.mid,bwv0306v,1
bach,Bwv0319.mid,bwv0319,4
bach,Bwv0336.mid,bwv0336,3
bach,Bwv03628.mid,bwv03628,1
bach,bsgjg_b.mid,bsgjg_b,1
bach,bsgjg_c.mid,bsgjg_c,1
bach,bsgjg_e.mid,bsgjg_e,0
bach,bsgjg_f.mid,bsgjg_f,0
bach,bsgjg_g.mid,bsgjg_g,2
bach,bsgjg_h.mid,bsgjg_h,0
bach,bsgjg_i.mid,bsgjg_i,3
bach,bsgjg_j.mid,bsgjg_j,2
bach,bsgjg_l.mid,bsgjg_l,3
bach,Bwv0525_Sonate_en_trio_n1.mid,bwv0525_sonate_en_trio_n1,1
bach,Bwv0526_Sonate_en_trio_n2.mid,bwv0526_sonate_en_trio_n2,2
bach,Bwv0527_Sonate_en_trio_n3.mid,bwv0527_sonate_en_trio_n3,3
bach,Bwv0528_Sonate_en_trio_n4.mid,bwv0528_sonate_en_trio_n4,2
bach,Bwv0529_Sonate_en_trio_n5.mid,bwv0529_sonate_en_trio_n5,1
bach,Bwv0530_Sonate_en_trio_n6.mid,bwv0530_sonate_en_trio_n6,0
bach,Bwv0532_Toccata_and_Fugue.mid,bwv0532_toccata_and_fugue,4
bach,Bwv0535_Prelude_and_Fugue.mid,bwv0535_prelude_and_fugue,0
bach,Bwv0536_Prelude_and_Fugue.mid,bwv0536_prelude_and_fugue,1
bach,Bwv0537_Fantasia_and_Fugue.mid,bwv0537_fantasia_and_fugue,1
bach,Bwv0538_Toccata_and_Fugue_Dorian.mid,bwv0538_toccata_and_fugue_dorian,0
bach,Bwv0539_Prelude_and_Fugue.mid,bwv0539_prelude_and_fugue,1
bach,Bwv0540_Toccata_and_Fugue.mid,bwv0540_toccata_and_fugue,4
bach,Bwv0541_Prelude_and_Fugue.mid,bwv0541_prelude_and_fugue,0
bach,Bwv0542_Fantasia_and_Fugue.mid,bwv0542_fantasia_and_fugue,4
bach,Bwv0543_Prelude_and_Fugue.mid,bwv0543_prelude_and_fugue,1
bach,Bwv0544_Prelude_and_Fugue.mid,bwv0544_prelude_and_fugue,2
bach,Bwv0546_Prelude_and_Fugue.mid,bwv0546_prelude_and_fugue,1
bach,Bwv0547_Prelude_and_Fugue.mid,bwv0547_prelude_and_fugue,1
bach,Bwv0549_Prelude_and_Fugue.mid,bwv0549_prelude_and_fugue,1
bach,Bwv0550_Prelude_and_Fugue.mid,bwv0550_prelude_and_fugue,4
bach,Bwv0551_Prelude_and_Fugue.mid,bwv0551_prelude_and_fugue,0
bach,Bwv0552_Prelude_and_Fugue_St_Anne.mid,bwv0552_prelude_and_fugue_st_anne,4
bach,Bwv0554_Short_Prelude_and_Fugue_n2_Spurious.mid,bwv0554_short_prelude_and_fugue_n2_spurious,1
bach,Bwv0556_Short_Prelude_and_Fugue_n4_Spurious.mid,bwv0556_short_prelude_and_fugue_n4_spurious,1
bach,Bwv0557_Short_Prelude_and_Fugue_n5_Spurious.mid,bwv0557_short_prelude_and_fugue_n5_spurious,2
bach,Bwv0558_Short_Prelude_and_Fugue_n6_Spurious.mid,bwv0558_short_prelude_and_fugue_n6_spurious,1
bach,Bwv0559_Short_Prelude_and_Fugue_n7_Spurious.mid,bwv0559_short_prelude_and_fugue_n7_spurious,3
bach,Bwv0560_Short_Prelude_and_Fugue_n8_Spurious.mid,bwv0560_short_prelude_and_fugue_n8_spurious,3
bach,Bwv0561_Fantasie_and_Fuga.mid,bwv0561_fantasie_and_fuga,3
bach,Bwv0563_Fantasie_con_imitation.mid,bwv0563_fantasie_con_imitation,0
bach,Bwv0564_Toccata_Adagio_and_Fugue.mid,bwv0564_toccata_adagio_and_fugue,2
bach,Bwv0565_Toccata_and_Fugue_In_Dm_A.mid,bwv0565_toccata_and_fugue_in_dm_a,1
bach,Bwv0565_Toccata_and_Fugue_In_Dm_B.mid,bwv0565_toccata_and_fugue_in_dm_b,3
bach,Bwv0565_Toccata_and_Fugue_In_Dm_C.mid,bwv0565_toccata_and_fugue_in_dm_c,2
bach,Bwv0566_Prelude_and_Fugue.mid,bwv0566_prelude_and_fugue,1
bach,Bwv0568_Prelude.mid,bwv0568_prelude,0
bach,Bwv0570_Fantasia.mid,bwv0570_fantasia,2
bach,Bwv0572_Fantasia.mid,bwv0572_fantasia,3
bach,Bwv0582_Passacaglia_and_Fugue_Orchestral.mid,bwv0582_passacaglia_and_fugue_orchestral,1
bach,Bwv0582_Passacaglia_and_Fugue.mid,bwv0582_passacaglia_and_fugue,0
bach,Bwv0594_Vivaldi_Concerto_Arrangement_RV208.mid,bwv0594_vivaldi_concerto_arrangement_rv208,1
bach,Bwv0733_Fuga_Sopra_Magnificat.mid,bwv0733_fuga_sopra_magnificat,1
bach,Bwv0806_English_Suite_n1_01mov.mid,bwv0806_english_suite_n1,0
bach,Bwv0806_English_Suite_n1_02mov.mid,bwv0806_english_suite_n1,0
bach,Bwv0806_English_Suite_n1_03mov.mid,bwv0806_english_suite_n1,0
bach,Bwv0806_English_Suite_n1_04mov.mid,bwv0806_english_suite_n1,0
bach,Bwv0806_English_Suite_n1_05mov.mid,bwv0806_english_suite_n1,0
bach,Bwv0806_English_Suite_n1_06mov.mid,bwv0806_english_suite_n1,0
bach,Bwv0806_English_Suite_n1_07mov.mid,bwv0806_english_suite_n1,0
bach,Bwv0806_English_Suite_n1_08mov.mid,bwv0806_english_suite_n1,0
bach,Bwv0806_English_Suite_n1_09mov.mid,bwv0806_english_suite_n1,0
bach,Bwv0806_English_Suite_n1_10mov.mid,bwv0806_english_suite_n1,0
bach,Bwv0815_French_Suite_n4.mid,bwv0815_french_suite_n4,0
bach,Bwv0816_French_Suite_n5.mid,bwv0816_french_suite_n5,0
bach,Bwv0817_French_Suite_n6.mid,bwv0817_french_suite_n6,0
bach,Bwv0906_Fantasia_and_Fugue.mid,bwv0906_fantasia_and_fugue,2
bach,Bwv0911_Toccata.mid,bwv0911_toccata,4
bach,Bwv0912_Toccata.mid,bwv0912_toccata,2
bach,Bwv0913_Toccata.mid,bwv0913_toccata,3
bach,Bwv0914_Toccata.mid,bwv0914_toccata,2
bach,Bwv0915_Toccata.mid,bwv0915_toccata,3
bach,Bwv0916_Toccata.mid,bwv0916_toccata,1
bach,Bwv0933_Little_Prelude_n1.mid,bwv0933_little_prelude_n1,1
bach,Bwv0935_Little_Prelude_n3.mid,bwv0935_little_prelude_n3,2
bach,Bwv0936_Little_Prelude_n4.mid,bwv0936_little_prelude_n4,1
bach,Bwv0938_Little_Prelude_n6.mid,bwv0938_little_prelude_n6,0
bach,Bwv0963_Sonata.mid,bwv0963_sonata,1
bach,Bwv0967_Sonata.mid,bwv0967_sonata,1
bach,Bwv0992_Capriccio.mid,bwv0992_capriccio,1
bach,Bwv0996_Suite_for_Lute.mid,bwv0996_suite_for_lute,4
bach,Bwv0997_Partita_for_Lute_1mov.mid,bwv0997_partita_for_lute,4
bach,Bwv0997_Partita_for_Lute_2mov.mid,bwv0997_partita_for_lute,4
bach,Bwv0997_Partita_for_Lute_3mov.mid,bwv0997_partita_for_lute,4
bach,Bwv0997_Partita_for_Lute_4mov.mid,bwv0997_partita_for_lute,4
bach,Bwv0997_Partita_for_Lute_5mov.mid,bwv0997_partita_for_lute,4
bach,Bwv0998_Prelude_Fugue_Allegro_for_Lute_1mov.mid,bwv0998_prelude_fugue_allegro_for_lute,2
bach,Bwv0998_Prelude_Fugue_Allegro_for_Lute_2mov.mid,bwv0998_prelude_fugue_allegro_for_lute,2
bach,Bwv0998_Prelude_Fugue_Allegro_for_Lute_3mov.mid,bwv0998_prelude_fugue_allegro_for_lute,2
bach,Bwv1005_Violin_Sonata_n3_1mov_Adagio.mid,bwv1005_violin_sonata_n3_1mov_adagio,0
bach,Bwv1005_Violin_Sonata_n3_2mov_Fugue.mid,bwv1005_violin_sonata_n3_2mov_fugue,2
bach,Bwv1005_Violin_Sonata_n3_3mov_Largo.mid,bwv1005_violin_sonata_n3_3mov_largo,2
bach,Bwv1005_Violin_Sonata_n3_4mov_Allegro.mid,bwv1005_violin_sonata_n3_4mov_allegro,1
bach,Bwv1014_Harpsicord_and_Violin_Sonata_1mov.mid,bwv1014_harpsicord_and_violin_sonata,3
bach,Bwv1014_Harpsicord_and_Violin_Sonata_2mov.mid,bwv1014_harpsicord_and_violin_sonata,3
bach,Bwv1014_Harpsicord_and_Violin_Sonata_3mov.mid,bwv1014_harpsicord_and_violin_sonata,3
bach,Bwv1014_Harpsicord_and_Violin_Sonata_4mov.mid,bwv1014_harpsicord_and_violin_sonata,3
bach,Bwv1066_Orchestral_Suite_n1_1mov.mid,bwv1066_orchestral_suite_n1,2
bach,Bwv1066_Orchestral_Suite_n1_2mov.mid,bwv1066_orchestral_suite_n1,2
bach,Bwv1066_Orchestral_Suite_n1_3mov.mid,bwv1066_orchestral_suite_n1,2
bach,Bwv1066_Orchestral_Suite_n1_4mov.mid,bwv1066_orchestral_suite_n1,2
bach,Bwv1066_Orchestral_Suite_n1_5mov.mid,bwv1066_orchestral_suite_n1,2
bach,Bwv1066_Orchestral_Suite_n1_6mov.mid,bwv1066_orchestral_suite_n1,2
bach,Bwv1066_Orchestral_Suite_n1_7mov.mid,bwv1066_orchestral_suite_n1,2
bach,Bwv1067_Orchestral_Suite_n2_1mov.mid,bwv1067_orchestral_suite_n2,1
bach,Bwv1067_Orchestral_Suite_n2_2mov.mid,bwv1067_orchestral_suite_n2,1
bach,Bwv1067_Orchestral_Suite_n2_3mov.mid,bwv1067_orchestral_suite_n2,1
bach,Bwv1067_Orchestral_Suite_n2_4mov.mid,bwv1067_orchestral_suite_n2,1
bach,Bwv1067_Orchestral_Suite_n2_5mov.mid,bwv1067_orchestral_suite_n2,1
bach,Bwv1067_Orchestral_Suite_n2_6mov.mid,bwv1067_orchestral_suite_n2,1
bach,Bwv1067_Orchestral_Suite_n2_7mov.mid,bwv1067_orchestral_suite_n2,1
bach,Bwv1068_Orchestral_Suite_n3_1mov.mid,bwv1068_orchestral_suite_n3,4
bach,Bwv1068_Orchestral_Suite_n3_2mov.mid,bwv1068_orchestral_suite_n3,4
bach,Bwv1068_Orchestral_Suite_n3_3mov.mid,bwv1068_orchestral_suite_n3,4
bach,Bwv1068_Orchestral_Suite_n3_4mov.mid,bwv1068_orchestral_suite_n3,4
bach,Bwv1068_Orchestral_Suite_n3_5mov.mid,bwv1068_orchestral_suite_n3,4
bach,Bwv1069_Orchestral_Suite_n4_1mov.mid,bwv1069_orchestral_suite_n4,3
bach,Bwv1069_Orchestral_Suite_n4_2mov.mid,bwv1069_orchestral_suite_n4,3
bach,Bwv1069_Orchestral_Suite_n4_3mov.mid,bwv1069_orchestral_suite_n4,3
bach,Bwv1069_Orchestral_Suite_n4_4mov.mid,bwv1069_orchestral_suite_n4,3
bach,Bwv1069_Orchestral_Suite_n4_5mov.mid,bwv1069_orchestral_suite_n4,3
bach,Bwv1066_Orchestral_suite_n1_Bouree.mid,bwv1066_orchestral_suite_n1_bouree,4
bach,Bwv1066_Orchestral_suite_n1_Courante.mid,bwv1066_orchestral_suite_n1_courante,3
bach,Bwv1066_Orchestral_suite_n1_Forlane.mid,bwv1066_orchestral_suite_n1_forlane,1
bach,Bwv1066_Orchestral_suite_n1_Gavotte.mid,bwv1066_orchestral_suite_n1_gavotte,2
bach,Bwv1066_Orchestral_suite_n1_Menuet.mid,bwv1066_orchestral_suite_n1_menuet,3
bach,Bwv1066_Orchestral_suite_n1_Overture.mid,bwv1066_orchestral_suite_n1_overture,2
bach,Bwv1066_Orchestral_suite_n1_Passpied.mid,bwv1066_orchestral_suite_n1_passpied,0
bach,Bwv1067_Orchestral_suite_n2_Badineri.mid,bwv1067_orchestral_suite_n2_badineri,4
bach,Bwv1067_Orchestral_suite_n2_Menuet.mid,bwv1067_orchestral_suite_n2_menuet,3
bach,Bwv1067_Orchestral_suite_n2_Overture.mid,bwv1067_orchestral_suite_n2_overture,1
bach,Bwv1067_Orchestral_suite_n2_Polonais.mid,bwv1067_orchestral_suite_n2_polonais,2
bach,Bwv1067_Orchestral_suite_n2_Rondeau.mid,bwv1067_orchestral_suite_n2_rondeau,2
bach,Bwv1067_Orchestral_suite_n2_Sarabande.mid,bwv1067_orchestral_suite_n2_sarabande,0
bach,Bwv1068_Orchestral_suite_n3_Air.mid,bwv1068_orchestral_suite_n3_air,3
bach,Bwv1068_Orchestral_suite_n3_Gavotte.mid,bwv1068_orchestral_suite_n3_gavotte,4
bach,Bwv1068_Orchestral_suite_n3_Gigue.mid,bwv1068_orchestral_suite_n3_gigue,3
bach,Bwv1068_Orchestral_suite_n3_Overture.mid,bwv1068_orchestral_suite_n3_overture,1
bach,Bwv1069_Orchestral_suite_n4_Bourree.mid,bwv1069_orchestral_suite_n4_bourree,3
bach,Bwv1069_Orchestral_suite_n4_Gavotte.mid,bwv1069_orchestral_suite_n4_gavotte,0
bach,Bwv1069_Orchestral_suite_n4_Menuet.mid,bwv1069_orchestral_suite_n4_menuet,0
bach,Bwv1069_Orchestral_suite_n4_Overture.mid,bwv1069_orchestral_suite_n4_overture,4
bach,Bwv1069_Orchestral_suite_n4_Rejouissance.mid,bwv1069_orchestral_suite_n4_rejouissance,1
bach,Musical_Offering_n1_Ricercare_a_3.mid,musical_offering_n1_ricercare_a_3,0
bach,Musical_Offering_n10.mid,musical_offering_n10,3
bach,Musical_Offering_n11.mid,musical_offering_n11,2
bach,Musical_Offering_n13.mid,musical_offering_n13,3
bach,Musical_Offering_n14.mid,musical_offering_n14,1
bach,Musical_Offering_n15_Trio-Largo.mid,musical_offering_n15_trio-largo,1
bach,Musical_Offering_n16_Trio-Allegro.mid,musical_offering_n16_trio-allegro,0
bach,Musical_Offering_n17_Trio-Andante.mid,musical_offering_n17_trio-andante,4
bach,Musical_Offering_n18_Trio-Allegro.mid,musical_offering_n18_trio-allegro,2
bach,Musical_Offering_n19.mid,musical_offering_n19,4
bach,Musical_Offering_n2_Canon_Perpetuus.mid,musical_offering_n2_canon_perpetuus,1
bach,Musical_Offering_n3.mid,musical_offering_n3,4
bach,Musical_Offering_n5.mid,musical_offering_n5,0
bach,Musical_Offering_n6.mid,musical_offering_n6,2
bach,Musical_Offering_n7.mid,musical_offering_n7,2
bach,Musical_Offering_n8.mid,musical_offering_n8,2
bach,Canon_Fugue_n2.mid,canon_fugue_n2,3
bach,Canon_Fugue_n3.mid,canon_fugue_n3,2
bach,Canon_Fugue_n4.mid,canon_fugue_n4,0
bach,Counter_Fugue_n1.mid,counter_fugue_n1,0
bach,Counter_Fugue_n2.mid,counter_fugue_n2,0
bach,Counter_Fugue_n3.mid,counter_fugue_n3,1
bach,Double_Fugue_n1.mid,double_fugue_n1,1
bach,Double_Fugue_n2.mid,double_fugue_n2,0
bach,Mirror_Fugue_n1.mid,mirror_fugue_n1,0
bach,Mirror_Fugue_n2.mid,mirror_fugue_n2,1
bach,Simple_Fugue_Inverted_Subject_n1.mid,simple_fugue_inverted_subject_n1,4
bach,Simple_Fugue_Inverted_Subject_n2.mid,simple_fugue_inverted_subject_n2,2
bach,Simple_Fugue_Regular_Subject_n1.mid,simple_fugue_regular_subject_n1,4
bach,Simple_Fugue_Regular_Subject_n2.mid,simple_fugue_regular_subject_n2,2
bach,The_Art_of_the_Fugue_BWV1080.mid,the_art_of_the_fugue_bwv1080,4
bach,Unfinished_Fugue.mid,unfinished_fugue,2
bach,01_Kyrie_Eleison.mid,01_kyrie_eleison,1
bach,03_Kyrie_Eleison.mid,03_kyrie_eleison,1
bach,04_Chor_Gloria_In_Exelcis.mid,04_chor_gloria_in_exelcis,0
bach,05_Aria_For_Soprano.mid,05_aria_for_soprano,0
bach,06_Chor_Gratias_Animus_Tibi.mid,06_chor_gratias_animus_tibi,2
bach,07_Duet_Domine_Deus.mid,07_duet_domine_deus,0
bach,08_Chor_Qui_Tollis.mid,08_chor_qui_tollis,3
bach,09_Aria_Qui_Sedes.mid,09_aria_qui_sedes,0
bach,10_Aria_Quoniam.mid,10_aria_quoniam,1
bach,11_Chor_Cum_Sancto.mid,11_chor_cum_sancto,4
bach,12_Chor_Credo_In_Unum_Deum.mid,12_chor_credo_in_unum_deum,4
bach,13_Chor_Patrem_Omnipotentem.mid,13_chor_patrem_omnipotentem,4
bach,14_Duet_In_Unum.mid,14_duet_in_unum,3
bach,15_Et_Incarnatus__Cricifixus.mid,15_et_incarnatus__cricifixus,0
bach,16_Et_Ressurexit.mid,16_et_ressurexit,2
bach,17_Bass_Aria_Et_In_Spritum.mid,17_bass_aria_et_in_spritum,4
bach,18_Confiteor.mid,18_confiteor,4
bach,19_Sanctus.mid,19_sanctus,0
bach,20_Osanna.mid,20_osanna,3
bach,21_Benedictus.mid,21_benedictus,1
bach,22_Agnus_Dei.mid,22_agnus_dei,2
bach,23_Donna_Nobis_Pacem.mid,23_donna_nobis_pacem,2
bach,1Bass_Aria.mid,1bass_aria,2
bach,2Aus_Liebe_will_mein_Heiland_sterban_Soprano_Aria.mid,2aus_liebe_will_mein_heiland_sterban_soprano_aria,0
bach,4Blute_nur_du_liebes_Herz_Soprano_Aria.mid,4blute_nur_du_liebes_herz_soprano_aria,0
bach,5Erbarme_dicht_mein_Gott_Alto_Aria.mid,5erbarme_dicht_mein_gott_alto_aria,4
bach,6Herzliebster_Jesu_Chorus.mid,6herzliebster_jesu_chorus,0
bach,7Ko_nnen_Tra_nen_meiner_Wangen_nichts_erlangen_Alto_Aria.mid,7ko_nnen_tra_nen_meiner_wangen_nichts_erlangen_alto_aria,3
bach,8Mache_dich_mein_herz_Bass_Aria.mid,8mache_dich_mein_herz_bass_aria,3
bach,9O_Haupt_voll_Blut_und_Wunden_Chorus.mid,9o_haupt_voll_blut_und_wunden_chorus,3
bach,Bwv772_Invention_n01.mid,bwv772_invention_n01,3
bach,invent10.mid,invent10,2
bach,invent11.mid,invent11,3
bach,invent12.mid,invent12,2
bach,invent13.mid,invent13,0
bach,invent15.mid,invent15,3
bach,invent3.mid,invent3,0
bach,invent4.mid,invent4,4
bach,invent5.mid,invent5,3
bach,invent8.mid,invent8,3
bach,invent9.mid,invent9,2
bach,Bwv773_Invention_n02.mid,bwv773_invention_n02,1
bach,Bwv774_Invention_n03.mid,bwv774_invention_n03,1
bach,Bwv775_Invention_n04.mid,bwv775_invention_n04,0
bach,Bwv777_Invention_n06.mid,bwv777_invention_n06,0
bach,Bwv778_Invention_n07.mid,bwv778_invention_n07,4
bach,Bwv779_Invention_n08.mid,bwv779_invention_n08,3
bach,Bwv780_Invention_n09.mid,bwv780_invention_n09,4
bach,Bwv781_Invention_n10.mid,bwv781_invention_n10,2
bach,Bwv782_Invention_n11.mid,bwv782_invention_n11,3
bach,Bwv783_Invention_n12.mid,bwv783_invention_n12,4
bach,Bwv784_Invention_n13.mid,bwv784_invention_n13,2
bach,Bwv786_Invention_n15.mid,bwv786_invention_n15,1
bach,Bwv0787_Sinfonia_n1.mid,bwv0787_sinfonia_n1,1
bach,Bwv0788_Sinfonia_n2.mid,bwv0788_sinfonia_n2,3
bach,Bwv0789_Sinfonia_n3.mid,bwv0789_sinfonia_n3,2
bach,Bwv0790_Sinfonia_n4.mid,bwv0790_sinfonia_n4,1
bach,Bwv0791_Sinfonia_n5.mid,bwv0791_sinfonia_n5,2
bach,Bwv0792_Sinfonia_n6.mid,bwv0792_sinfonia_n6,2
bach,Bwv0793_Sinfonia_n7.mid,bwv0793_sinfonia_n7,3
bach,Bwv0794_Sinfonia_n8.mid,bwv0794_sinfonia_n8,4
bach,Bwv0795_Sinfonia_n9.mid,bwv0795_sinfonia_n9,1
bach,Bwv0796_Sinfonia_n10.mid,bwv0796_sinfonia_n10,2
bach,Bwv0797_Sinfonia_n11.mid,bwv0797_sinfonia_n11,0
bach,Bwv0799_Sinfonia_n13.mid,bwv0799_sinfonia_n13,4
bach,Bwv0800_Sinfonia_n14.mid,bwv0800_sinfonia_n14,4
bach,Bwv0801_Sinfonia_n15.mid,bwv0801_sinfonia_n15,3
bach,WT1_1A.mid,wt1_1a,1
bach,WT1_1B.mid,wt1_1b,4
bach,WT1_2A.mid,wt1_2a,2
bach,WT1_3A.mid,wt1_3a,4
bach,WT1_3B.mid,wt1_3b,4
bach,WT1_4A.mid,wt1_4a,1
bach,WT1_4B.mid,wt1_4b,0
bach,WT1_5A.mid,wt1_5a,3
bach,WT1_5B.mid,wt1_5b,0
bach,WT1_6A.mid,wt1_6a,4
bach,WT1_6B.mid,wt1_6b,1
bach,WT1_7B.mid,wt1_7b,1
bach,WT1_8A.mid,wt1_8a,4
bach,WT1_8B.mid,wt1_8b,0
bach,WT1_9A.mid,wt1_9a,3
bach,WT1_9B.mid,wt1_9b,4
bach,WT1_X1B.mid,wt1_x1b,3
bach,WT1_X2B.mid,wt1_x2b,0
bach,WT1_X3A.mid,wt1_x3a,4
bach,WT1_X3B.mid,wt1_x3b,2
bach,WT1_X4A.mid,wt1_x4a,2
bach,WT1_X4B.mid,wt1_x4b,1
bach,WT1_X5A.mid,wt1_x5a,3
bach,WT1_X6A.mid,wt1_x6a,1
bach,WT1_X6B.mid,wt1_x6b,1
bach,WT1_X7A.mid,wt1_x7a,2
bach,WT1_X8B.mid,wt1_x8b,2
bach,WT1_X9A.mid,wt1_x9a,2
bach,WT1_X9B.mid,wt1_x9b,0
bach,WT1_X_A.mid,wt1_x_a,1
bach,WT1_X_B.mid,wt1_x_b,0
bach,WT1_XX1A.mid,wt1_xx1a,1
bach,WT1_XX1B.mid,wt1_xx1b,1
bach,WT1_XX2A.mid,wt1_xx2a,4
bach,WT1_XX2B.mid,wt1_xx2b,1
bach,WT1_XX3A.mid,wt1_xx3a,3
bach,WT1_XX3B.mid,wt1_xx3b,4
bach,WT1_XX4A.mid,wt1_xx4a,2
bach,WT1_XX_A.mid,wt1_xx_a,4
bach,Wtcii01b.mid,wtcii01b,2
bach,WTCII02A.mid,wtcii02a,4
bach,Wtcii02b.mid,wtcii02b,4
bach,WTCII03A.mid,wtcii03a,0
bach,Wtcii03b.mid,wtcii03b,2
bach,WTCII04A.mid,wtcii04a,3
bach,Wtcii04b.mid,wtcii04b,4
bach,WTCII05A.mid,wtcii05a,2
bach,WTCII06A.mid,wtcii06a,3
bach,WTCII07A.mid,wtcii07a,3
bach,Wtcii07b.mid,wtcii07b,1
bach,WTCII08A.mid,wtcii08a,1
bach,Wtcii08b.mid,wtcii08b,3
bach,WTCII09A.mid,wtcii09a,0
bach,Wtcii09b.mid,wtcii09b,1
bach,Wtcii10a.mid,wtcii10a,1
bach,Wtcii10b.mid,wtcii10b,0
bach,Wtcii11a.mid,wtcii11a,0
bach,Wtcii11b.mid,wtcii11b,3
bach,WTCII12A.mid,wtcii12a,1
bach,Wtcii12b.mid,wtcii12b,2
bach,WTCII13A.mid,wtcii13a,0
bach,WTCII14A.mid,wtcii14a,3
bach,Wtcii14b.mid,wtcii14b,3
bach,WTCII15A.mid,wtcii15a,4
bach,WTCII16A.mid,wtcii16a,0
bach,Wtcii16b.mid,wtcii16b,3
bach,WTCII17A.mid,wtcii17a,3
bach,Wtcii17b.mid,wtcii17b,4
bach,WTCII18A.mid,wtcii18a,4
bach,Wtcii19b.mid,wtcii19b,2
bach,Wtcii20b.mid,wtcii20b,1
bach,WTCII21A.mid,wtcii21a,3
bach,Wtcii21b.mid,wtcii21b,0
bach,WTCII22A.mid,wtcii22a,2
bach,Wtcii22b.mid,wtcii22b,4
bach,WTCII23A.mid,wtcii23a,1
bach,Wtcii23b.mid,wtcii23b,0
bach,Wtcii24a.mid,wtcii24a,4
bach,Wtcii24b.mid,wtcii24b,1
bach,Bwv1087_14_Canons.mid,bwv1087_14_canons,0
bach,Variation_00_Aria.mid,variation_00_aria,0
bach,Variation_02.mid,variation_02,2
bach,Variation_05.mid,variation_05,3
bach,Variation_07.mid,variation_07,4
bach,Variation_08.mid,variation_08,2
bach,Variation_09.mid,variation_09,2
bach,Variation_10.mid,variation_10,2
bach,Variation_11.mid,variation_11,2
bach,Variation_13.mid,variation_13,0
bach,Variation_14.mid,variation_14,2
bach,Variation_15.mid,variation_15,0
bach,Variation_16.mid,variation_16,3
bach,Variation_18.mid,variation_18,3
bach,Variation_19.mid,variation_19,3
bach,Variation_20.mid,variation_20,3
bach,Variation_21.mid,variation_21,3
bach,Variation_22.mid,variation_22,4
bach,Variation_23.mid,variation_23,4
bach,Variation_24.mid,variation_24,4
bach,Variation_25.mid,variation_25,1
bach,Variation_27.mid,variation_27,4
bach,Variation_28.mid,variation_28,4
bach,Clavierubung_Part_111Duet_No2_in_F_Major.mid,clavierubung_part_111duet_no2_in_f_major,1
bach,Bwv1042_Violin_Concerto_n2_1mov.mid,bwv1042_violin_concerto_n2,1
bach,Bwv1042_Violin_Concerto_n2_2mov.mid,bwv1042_violin_concerto_n2,1
bach,Bwv1042_Violin_Concerto_n2_3mov.mid,bwv1042_violin_concerto_n2,1
bach,Bwv1043_Two_Violins_Concerto_n3_1mov.mid,bwv1043_two_violins_concerto_n3,2
bach,Bwv1043_Two_Violins_Concerto_n3_2mov.mid,bwv1043_two_violins_concerto_n3,2
bach,Bwv1043_Two_Violins_Concerto_n3_3mov.mid,bwv1043_two_violins_concerto_n3,2
bach,Bwv1044_Flute_Violin_and_Harpsichord_Concerto_1mov.mid,bwv1044_flute_violin_and_harpsichord_concerto,0
bach,Bwv1044_Flute_Violin_and_Harpsichord_Concerto_2mov.mid,bwv1044_flute_violin_and_harpsichord_concerto,0
bach,Bwv1044_Flute_Violin_and_Harpsichord_Concerto_3mov.mid,bwv1044_flute_violin_and_harpsichord_concerto,0
bach,Bwv1046_Brandenburg_Concert_n1_1mov.mid,bwv1046_brandenburg_concert_n1,1
bach,Bwv1046_Brandenburg_Concert_n1_2mov.mid,bwv1046_brandenburg_concert_n1,1
bach,Bwv1046_Brandenburg_Concert_n1_3mov.mid,bwv1046_brandenburg_concert_n1,1
bach,Bwv1047_Brandenburg_Concert_n2_1mov.mid,bwv1047_brandenburg_concert_n2,3
bach,Bwv1047_Brandenburg_Concert_n2_2mov.mid,bwv1047_brandenburg_concert_n2,3
bach,Bwv1047_Brandenburg_Concert_n2_3mov.mid,bwv1047_brandenburg_concert_n2,3
bach,Bwv1048_Brandenburg_Concert_n3_1mov_B.mid,bwv1048_brandenburg_concert_n3_1mov_b,4
bach,Bwv1048_Brandenburg_Concert_n3_1mov.mid,bwv1048_brandenburg_concert_n3,0
bach,Bwv1048_Brandenburg_Concert_n3_2-3movs.mid,bwv1048_brandenburg_concert_n3_2-3movs,1
bach,Bwv1049_Brandenburg_Concert_n4_1mov.mid,bwv1049_brandenburg_concert_n4,1
bach,Bwv1049_Brandenburg_Concert_n4_2mov.mid,bwv1049_brandenburg_concert_n4,1
bach,Bwv1049_Brandenburg_Concert_n4_3mov.mid,bwv1049_brandenburg_concert_n4,1
bach,Bwv1050_Brandenburg_Concert_n5_1-2-3movs.mid,bwv1050_brandenburg_concert_n5_1-2-3movs,2
bach,Bwv1051_Brandenburg_Concert_n6_1mov.mid,bwv1051_brandenburg_concert_n6,0
bach,Bwv1051_Brandenburg_Concert_n6_2mov.mid,bwv1051_brandenburg_concert_n6,0
bach,Bwv1051_Brandenburg_Concert_n6_3mov.mid,bwv1051_brandenburg_concert_n6,0
bach,Bwv1052_Harpsichord_Concerto_n1_1mov.mid,bwv1052_harpsichord_concerto_n1,4
bach,Bwv1052_Harpsichord_Concerto_n1_2mov.mid,bwv1052_harpsichord_concerto_n1,4
bach,Bwv1052_Harpsichord_Concerto_n1_3mov.mid,bwv1052_harpsichord_concerto_n1,4
bach,Bwv1052_Harpsichord_Concerto_n1b.mid,bwv1052_harpsichord_concerto_n1b,3
bach,Bwv1053_Harpsichord_Concerto_n2_1mov.mid,bwv1053_harpsichord_concerto_n2,3
bach,Bwv1053_Harpsichord_Concerto_n2_2mov.mid,bwv1053_harpsichord_concerto_n2,3
bach,Bwv1053_Harpsichord_Concerto_n2_3mov.mid,bwv1053_harpsichord_concerto_n2,3
bach,Bwv1054_Harpsichord_Concerto_n3_1mov.mid,bwv1054_harpsichord_concerto_n3,3
bach,Bwv1054_Harpsichord_Concerto_n3_2mov.mid,bwv1054_harpsichord_concerto_n3,3
bach,Bwv1054_Harpsichord_Concerto_n3_3mov.mid,bwv1054_harpsichord_concerto_n3,3
bach,Bwv1055_Harpsichord_Concerto_n4_1mov.mid,bwv1055_harpsichord_concerto_n4,4
bach,Bwv1055_Harpsichord_Concerto_n4_2mov.mid,bwv1055_harpsichord_concerto_n4,4
bach,Bwv1055_Harpsichord_Concerto_n4_3mov.mid,bwv1055_harpsichord_concerto_n4,4
bach,Bwv1056_Harpsichord_Concerto_n5.mid,bwv1056_harpsichord_concerto_n5,4
bach,Bwv1057_Harpsichord_Concerto_n6_2mov.mid,bwv1057_harpsichord_concerto_n6,2
bach,Bwv1057_Harpsichord_Concerto_n6_3mov.mid,bwv1057_harpsichord_concerto_n6,2
bach,Bwv1060_Two_Harpsichords_Concerto_n1.mid,bwv1060_two_harpsichords_concerto_n1,3
bach,Bwv1062_Two_Harpsichords_Concerto_n3.mid,bwv1062_two_harpsichords_concerto_n3,2
bach,Bwv1063_Three_Harpsichords_Concerto_n1.mid,bwv1063_three_harpsichords_concerto_n1,2
bach,Bwv1064_Three_Harpsichords_Concerto_n2_1mov.mid,bwv1064_three_harpsichords_concerto_n2,2
bach,Bwv1064_Three_Harpsichords_Concerto_n2_2mov.mid,bwv1064_three_harpsichords_concerto_n2,2
bach,Bwv1064_Three_Harpsichords_Concerto_n2_3mov.mid,bwv1064_three_harpsichords_concerto_n2,2
bach,Bwv1065_Four_Harpsichords_Concerto.mid,bwv1065_four_harpsichords_concerto,2
bach,Jesu_Joy_of_Man_Desiring.mid,jesu_joy_of_man_desiring,0
bach,Minuet_in_G.mid,minuet_in_g,2
bach,Piano_version_of_Bachs_two_part_inventions_No.mid,piano_version_of_bachs_two_part_inventions_no,1
bach,Piano_version_of_Bachs_two_part_inventions_No1.mid,piano_version_of_bachs_two_part_inventions_no1,1
bach,Piano_version_of_Bachs_two_part_inventions_No10.mid,piano_version_of_bachs_two_part_inventions_no10,1
bach,Piano_version_of_Bachs_two_part_inventions_No11.mid,piano_version_of_bachs_two_part_inventions_no11,4
bach,Piano_version_of_Bachs_two_part_inventions_No12.mid,piano_version_of_bachs_two_part_inventions_no12,2
bach,Piano_version_of_Bachs_two_part_inventions_No13.mid,piano_version_of_bachs_two_part_inventions_no13,0
bach,Piano_version_of_Bachs_two_part_inventions_No14.mid,piano_version_of_bachs_two_part_inventions_no14,1
bach,Piano_version_of_Bachs_two_part_inventions_No15.mid,piano_version_of_bachs_two_part_inventions_no15,2
bach,Piano_version_of_Bachs_two_part_inventions_No2.mid,piano_version_of_bachs_two_part_inventions_no2,2
bach,Piano_version_of_Bachs_two_part_inventions_No4.mid,piano_version_of_bachs_two_part_inventions_no4,4
bach,Piano_version_of_Bachs_two_part_inventions_No5.mid,piano_version_of_bachs_two_part_inventions_no5,1
bach,Piano_version_of_Bachs_two_part_inventions_No9.mid,piano_version_of_bachs_two_part_inventions_no9,3
bach,Prelude_and_Fugue_in_C_Sharp_BWV_872.mid,prelude_and_fugue_in_c_sharp_bwv_872,2
bach,Prelude_and_Fugue_in_D.mid,prelude_and_fugue_in_d,2
bach,Tocatto_No1_in_F_Sharp_Minor_BWV_910.mid,tocatto_no1_in_f_sharp_minor_bwv_910,2
bach,Toccata_and_Fugue_in_D_minor_BWV_565_Busoni_Piano_Arr.mid,toccata_and_fugue_in_d_minor_bwv_565_busoni_piano_arr,4
beethoven,32_Variations_on_a_theme.mid,32_variations_on_a_theme,1
beethoven,Andante_in_F_Major.mid,andante_in_f_major,3
beethoven,Anh08Nb1_Gavotte_4_hands.mid,anh08nb1_gavotte_4_hands,2
beethoven,Bagatella_Fur_Elise.mid,bagatella_fur_elise,2
beethoven,Bagatella_op33_n1.mid,bagatella_op33_n1,0
beethoven,Bagatella_op33_n2.mid,bagatella_op33_n2,4
beethoven,Bagatella_op33_n3.mid,bagatella_op33_n3,1
beethoven,Bagatella_op33_n4.mid,bagatella_op33_n4,1
beethoven,Bagatella_op33_n5.mid,bagatella_op33_n5,0
beethoven,83.mid,83,3
beethoven,Sonata_No_17_in_D_minor_op_31_No_2__Tempest.mid,sonata_no_17_in_d_minor_op_31_no_2__tempest,0
beethoven,Fur_Elise.mid,fur_elise,3
beethoven,Hess057_Bagatella.mid,hess057_bagatella,2
beethoven,Hess061_Anglaise.mid,hess061_anglaise,1
beethoven,Hess063_keyb_Kaplied.mid,hess063_keyb_kaplied,0
beethoven,Hess073_Bagatella.mid,hess073_bagatella,1
beethoven,Hess074_Bagatella.mid,hess074_bagatella,1
beethoven,HessA21_Bagatella.mid,hessa21_bagatella,2
beethoven,Lieder_op46_Adelaide.mid,lieder_op46_adelaide,2
beethoven,Lieder_op48_n1_Bitten.mid,lieder_op48_n1_bitten,1
beethoven,Lieder_op48_n2_Die_Liebe_Des_Nachsten.mid,lieder_op48_n2_die_liebe_des_nachsten,4
beethoven,Lieder_op48_n3_Vom_Tode.mid,lieder_op48_n3_vom_tode,3
beethoven,Lieder_op48_n4_Die_Ehre_Gottes_Aus_Der_Natur.mid,lieder_op48_n4_die_ehre_gottes_aus_der_natur,2
beethoven,Lieder_op48_n5_Gottes_Macht_Und_Vorsehung.mid,lieder_op48_n5_gottes_macht_und_vorsehung,1
beethoven,Lieder_op82_n1_Dimmi_Den_Mio_Che_Mi_Ami.mid,lieder_op82_n1_dimmi_den_mio_che_mi_ami,4
beethoven,Lieder_op99_Der_Mann_Von_Wort.mid,lieder_op99_der_mann_von_wort,2
beethoven,March_No3.mid,march_no3,1
beethoven,Minuetto.mid,minuetto,3
beethoven,Op51.mid,op51,0
beethoven,op051_3_Rondos.mid,op051_3_rondos,4
beethoven,op077_Fantaisie.mid,op077_fantaisie,3
beethoven,op089_Polonaise.mid,op089_polonaise,0
beethoven,op119_Douze_Bagatellas.mid,op119_douze_bagatellas,0
beethoven,Op33_No4.mid,op33_no4,1
beethoven,Opus045_Three_Grandes_Marches.mid,opus045_three_grandes_marches,4
beethoven,Overture_Corolian_op62.mid,overture_corolian_op62,1
beethoven,Overture_Creatures_Of_Prometeus_op43.mid,overture_creatures_of_prometeus_op43,0
beethoven,Overture_Egmont.mid,overture_egmont,3
beethoven,Overture_Fidelio_op72b.mid,overture_fidelio_op72b,3
beethoven,Overture_Inauguration_of_the_House_op214.mid,overture_inauguration_of_the_house_op214,4
beethoven,Overture_Leonore_n2_op72.mid,overture_leonore_n2_op72,3
beethoven,Overture_Leonore_n3_op72.mid,overture_leonore_n3_op72,0
beethoven,Overture_Leonore_op138_n1.mid,overture_leonore_op138_n1,2
beethoven,13.mid,13,1
beethoven,137.mid,137,4
beethoven,Piano_Concerto_n2_op19_1mov.mid,piano_concerto_n2_op19,4
beethoven,Piano_Concerto_n2_op19_2mov.mid,piano_concerto_n2_op19,4
beethoven,Piano_Concerto_n2_op19_3mov.mid,piano_concerto_n2_op19,4
beethoven,Piano_Concerto_n3_op37_1mov.mid,piano_concerto_n3_op37,0
beethoven,Piano_Concerto_n3_op37_2mov.mid,piano_concerto_n3_op37,0
beethoven,Piano_Concerto_n3_op37_3mov.mid,piano_concerto_n3_op37,0
beethoven,Piano_Concerto_n4_op58_1mov.mid,piano_concerto_n4_op58,3
beethoven,Piano_Concerto_n4_op58_2mov.mid,piano_concerto_n4_op58,3
beethoven,Piano_Concerto_n4_op58_3mov.mid,piano_concerto_n4_op58,3
beethoven,Piano_Concerto_n5_op73_1mov_Emperor.mid,piano_concerto_n5_op73_1mov_emperor,0
beethoven,Piano_Concerto_n5_op73_2-3mov_Emperor.mid,piano_concerto_n5_op73_2-3mov_emperor,4
beethoven,Piano_Concerto_No5Mov1.mid,piano_concerto_no,4
beethoven,Piano_Concerto_No5Mov3.mid,piano_concerto_no,4
beethoven,136.mid,136,2
beethoven,134.mid,134,1
beethoven,Piano_Sonata_No27__3rd_mov.mid,piano_sonata_no27__3rd,3
beethoven,Piano_Sonata_No27.mid,piano_sonata_no27,0
beethoven,Piano_Sonata_n01.mid,piano_sonata_n01,1
beethoven,Piano_Sonata_n02.mid,piano_sonata_n02,4
beethoven,Piano_Sonata_n03.mid,piano_sonata_n03,1
beethoven,Piano_Sonata_n04.mid,piano_sonata_n04,4
beethoven,Piano_Sonata_n05.mid,piano_sonata_n05,1
beethoven,Piano_Sonata_n06.mid,piano_sonata_n06,0
beethoven,Piano_Sonata_n07.mid,piano_sonata_n07,2
beethoven,Piano_Sonata_n08_op13_1mov_Pathetique.mid,piano_sonata_n08_op13_1mov_pathetique,0
beethoven,Piano_Sonata_n08_op13_2mov_Pathetique.mid,piano_sonata_n08_op13_2mov_pathetique,2
beethoven,Piano_Sonata_n09.mid,piano_sonata_n09,4
beethoven,Piano_Sonata_n10_1mov.mid,piano_sonata_n10,0
beethoven,Piano_Sonata_n10_2mov.mid,piano_sonata_n10,0
beethoven,Piano_Sonata_n10.mid,piano_sonata_n10,0
beethoven,Piano_Sonata_n11.mid,piano_sonata_n11,3
beethoven,Piano_Sonata_n13.mid,piano_sonata_n13,2
beethoven,Piano_Sonata_n14_op27__Moonlight.mid,piano_sonata_n14_op27__moonlight,3
beethoven,Piano_Sonata_n14_op27_1mov_Moonlight.mid,piano_sonata_n14_op27_1mov_moonlight,4
beethoven,Piano_Sonata_n14_op27_2mov_Moonlight.mid,piano_sonata_n14_op27_2mov_moonlight,1
beethoven,Piano_Sonata_n15_Pastoral.mid,piano_sonata_n15_pastoral,3
beethoven,Piano_Sonata_n15_2mov_Pastoral.mid,piano_sonata_n15_2mov_pastoral,4
beethoven,Piano_Sonata_n15_3mov_Pastoral.mid,piano_sonata_n15_3mov_pastoral,2
beethoven,Piano_Sonata_n16.mid,piano_sonata_n16,2
beethoven,Piano_Sonata_n17_Tempestat.mid,piano_sonata_n17_tempestat,3
beethoven,Piano_Sonata_n18_The_Hunt.mid,piano_sonata_n18_the_hunt,1
beethoven,Piano_Sonata_n19.mid,piano_sonata_n19,0
beethoven,Piano_Sonata_n20.mid,piano_sonata_n20,2
beethoven,Piano_Sonata_n21_1mov_Waldstein.mid,piano_sonata_n21_1mov_waldstein,4
beethoven,Piano_Sonata_n21_2mov_Waldstein.mid,piano_sonata_n21_2mov_waldstein,0
beethoven,Piano_Sonata_n21_3mov_Waldstein.mid,piano_sonata_n21_3mov_waldstein,4
beethoven,Piano_Sonata_n22.mid,piano_sonata_n22,0
beethoven,Piano_Sonata_n23_op57_1mov_Apassionata.mid,piano_sonata_n23_op57_1mov_apassionata,1
beethoven,Piano_Sonata_n23_op57_2mov_Apassionata.mid,piano_sonata_n23_op57_2mov_apassionata,3
beethoven,Piano_Sonata_n23_op57_3mov_Apassionata.mid,piano_sonata_n23_op57_3mov_apassionata,0
beethoven,Piano_Sonata_n24.mid,piano_sonata_n24,4
beethoven,Piano_sonata_n26_Les_Adieux.mid,piano_sonata_n26_les_adieux,4
beethoven,Piano_Sonata_n27.mid,piano_sonata_n27,3
beethoven,Piano_Sonata_n28.mid,piano_sonata_n28,2
beethoven,Piano_Sonata_n29_Op106_Hammerklavier.mid,piano_sonata_n29_op106_hammerklavier,4
beethoven,Piano_Sonata_n31_op110.mid,piano_sonata_n31_op110,2
beethoven,Piano_sonata_n32_op111.mid,piano_sonata_n32_op111,2
beethoven,Piano_Sonatina_in_G_Op79.mid,piano_sonatina_in_g_op79,2
beethoven,Preludes_2_Through_Major_keys_39.mid,preludes_2_through_major_keys_39,2
beethoven,Rage_over_a_lost_pennny.mid,rage_over_a_lost_pennny,0
beethoven,Romance_piano.mid,romance_piano,2
beethoven,Rondo_in_B_flat.mid,rondo_in_b_flat,1
beethoven,Rondo_Opus51_No1.mid,rondo_opus51_no1,2
beethoven,Rondo_Opus51_No2.mid,rondo_opus51_no2,2
beethoven,Sechs_Variationen.mid,sechs_variationen,3
beethoven,Seven_Inversions_of_God_Save_the_King.mid,seven_inversions_of_god_save_the_king,0
beethoven,Sieben_Bagatellen_in_A_Major_Opus33_No4.mid,sieben_bagatellen_in_a_major_opus33_no4,3
beethoven,Sieben_Bagatellen_in_C_Major_Opus33_No5.mid,sieben_bagatellen_in_c_major_opus33_no5,4
beethoven,Sieben_Bagatellen_in_D_Major_Opus33_No6.mid,sieben_bagatellen_in_d_major_opus33_no6,3
beethoven,Sieben_Bagatellen_in_E_flat_Major_Opus33_No1.mid,sieben_bagatellen_in_e_flat_major_opus33_no1,2
beethoven,Sieben_Bagatellen_in_F_Major_Opus33_No3.mid,sieben_bagatellen_in_f_major_opus33_no3,1
beethoven,Sketch_for_Piano_Alla_Marcia.mid,sketch_for_piano_alla_marcia,4
beethoven,Sketch_for_Piano_Allegretto.mid,sketch_for_piano_allegretto,3
beethoven,Sketch_for_Piano_Allegro_Giocoso.mid,sketch_for_piano_allegro_giocoso,3
beethoven,Sketch_for_Piano_Allegro.mid,sketch_for_piano_allegro,4
beethoven,Sketch_for_Piano_Presto.mid,sketch_for_piano_presto,2
beethoven,Sonata_for_Piano__Cello_n2_op05.mid,sonata_for_piano__cello_n2_op05,4
beethoven,122.mid,122,3
beethoven,Sonata_No14_Op_27_Moonlight_Sonata.mid,sonata_no14_op_27_moonlight_sonata,4
beethoven,Sonata_No14_Op_27_Sonata_Quasi_Una_Fantasia.mid,sonata_no14_op_27_sonata_quasi_una_fantasia,3
beethoven,Sonata_op78_1st_mov.mid,sonata_op78_1st,0
beethoven,Sonata_Opus81a_-Les_Adieux-_E_flat_No1.mid,sonata_opus81a_-les_adieux-_e_flat_no1,1
beethoven,Sonata_Opus81a_-Les_Adieux-_E_flat_No2__3.mid,sonata_opus81a_-les_adieux-_e_flat_no2__3,2
beethoven,Sonata_Opus111_C_minor_No1.mid,sonata_opus111_c_minor_no1,2
beethoven,Sonata_Opus111_C_minor_No2.mid,sonata_opus111_c_minor_no2,3
beethoven,Sonatina_Fa_maj_woo.mid,sonatina_fa_maj_woo,0
beethoven,Sonatina_n1_op05.mid,sonatina_n1_op05,3
beethoven,Sonatina_op33_4mov.mid,sonatina_op33,4
beethoven,Sonatina_WoO050.mid,sonatina_woo050,3
beethoven,String_Quartet_n1_op18_1mov.mid,string_quartet_n1_op18,2
beethoven,String_Quartet_n1_op18_2mov.mid,string_quartet_n1_op18,2
beethoven,String_Quartet_n1_op18_3mov.mid,string_quartet_n1_op18,2
beethoven,String_Quartet_n1_op18_4mov.mid,string_quartet_n1_op18,2
beethoven,String_Quartet_n16_op135_1mov.mid,string_quartet_n16_op135,2
beethoven,String_Quartet_n16_op135_2mov.mid,string_quartet_n16_op135,2
beethoven,String_Quartet_n16_op135_3mov.mid,string_quartet_n16_op135,2
beethoven,String_Quartet_n16_op135_4mov.mid,string_quartet_n16_op135,2
beethoven,String_Quartet_n2_op18_n2_1mov.mid,string_quartet_n2_op18_n2,1
beethoven,String_Quartet_n2_op18_n2_2mov.mid,string_quartet_n2_op18_n2,1
beethoven,String_Quartet_n2_op18_n2_3mov.mid,string_quartet_n2_op18_n2,1
beethoven,String_Quartet_n2_op18_n2_4mov.mid,string_quartet_n2_op18_n2,1
beethoven,Symphony_n1_1mov.mid,symphony_n1,4
beethoven,Symphony_n1_2mov.mid,symphony_n1,4
beethoven,Symphony_n1_3mov.mid,symphony_n1,4
beethoven,Symphony_n1_4mov.mid,symphony_n1,4
beethoven,Symphony_n2_op36_1mov.mid,symphony_n2_op36,3
beethoven,Symphony_n2_op36_2mov.mid,symphony_n2_op36,3
beethoven,Symphony_n2_op36_3mov.mid,symphony_n2_op36,3
beethoven,Symphony_n2_op36_4mov.mid,symphony_n2_op36,3
beethoven,Symphony_n3_2mov_Eroica.mid,symphony_n3_2mov_eroica,1
beethoven,Symphony_n3_3mov_Eroica.mid,symphony_n3_3mov_eroica,0
beethoven,Symphony_n3_4mov_Eroica.mid,symphony_n3_4mov_eroica,4
beethoven,Symphony_n4_1mov.mid,symphony_n4,1
beethoven,Symphony_n4_2mov.mid,symphony_n4,1
beethoven,Symphony_n4_3mov.mid,symphony_n4,1
beethoven,Symphony_n4_4mov.mid,symphony_n4,1
beethoven,Symphony_n5_op67_1mov.mid,symphony_n5_op67,1
beethoven,Symphony_n5_op67_3-4mov.mid,symphony_n5_op67_3,1
beethoven,Symphony_n7_1mov.mid,symphony_n7,0
beethoven,Symphony_n7_2mov.mid,symphony_n7,0
beethoven,Symphony_n7_3mov.mid,symphony_n7,0
beethoven,Symphony_n7_4mov.mid,symphony_n7,0
beethoven,Symphony_op125_n9_2mov_Choral.mid,symphony_op125_n9_2mov_choral,4
beethoven,Symphony_op125_n9_4mov_Choral.mid,symphony_op125_n9_4mov_choral,3
beethoven,Symphony_op68_n6_1mov_Pastorale.mid,symphony_op68_n6_1mov_pastorale,3
beethoven,Symphony_op68_n6_2mov_Pastorale.mid,symphony_op68_n6_2mov_pastorale,0
beethoven,Symphony_op68_n6_3mov_Pastorale.mid,symphony_op68_n6_3mov_pastorale,2
beethoven,WoO010_Six_Menuets_for_Orchestra.mid,woo010_six_menuets_for_orchestra,2
beethoven,WoO048_Rondo.mid,woo048_rondo,1
beethoven,WoO049_Rondo.mid,woo049_rondo,4
beethoven,WoO051_Sonatina_1-2_movs.mid,woo051_sonatina_1-2_movs,2
beethoven,WoO052_Bagatella.mid,woo052_bagatella,0
beethoven,WoO054_Lustig_Traurig.mid,woo054_lustig_traurig,3
beethoven,WoO055_Prelude.mid,woo055_prelude,1
beethoven,WoO056_Bagatella.mid,woo056_bagatella,0
beethoven,WoO060_Mouvement_Pour_Piano.mid,woo060_mouvement_pour_piano,1
beethoven,WoO061_Mouvement_Pour_Piano.mid,woo061_mouvement_pour_piano,4
beethoven,WoO061a_Mouvement_Pour_Piano.mid,woo061a_mouvement_pour_piano,3
beethoven,WoO081_Allemande.mid,woo081_allemande,3
beethoven,WoO082_Menuet.mid,woo082_menuet,0
beethoven,WoO083_Six_Escotish_Dances_for_Piano.mid,woo083_six_escotish_dances_for_piano,0
beethoven,WoO086_Scotish.mid,woo086_scotish,1
chopin,2542Prelude_opus28_No16_in_B_flat_minor.mid,2542prelude_opus28_no16_in_b_flat_minor,1
chopin,19_Polish_Songs_for_Solo_Voice_and_Piano_accomplements_No10.mid,19_polish_songs_for_solo_voice_and_piano_accomplements_no10,1
chopin,19_Polish_Songs_for_Solo_Voice_and_Piano_accomplements_No11.mid,19_polish_songs_for_solo_voice_and_piano_accomplements_no11,2
chopin,19_Polish_Songs_for_Solo_Voice_and_Piano_accomplements_No12.mid,19_polish_songs_for_solo_voice_and_piano_accomplements_no12,0
chopin,19_Polish_Songs_for_Solo_Voice_and_Piano_accomplements_No14.mid,19_polish_songs_for_solo_voice_and_piano_accomplements_no14,4
chopin,19_Polish_Songs_for_Solo_Voice_and_Piano_accomplements_No15.mid,19_polish_songs_for_solo_voice_and_piano_accomplements_no15,3
chopin,19_Polish_Songs_for_Solo_Voice_and_Piano_accomplements_No16.mid,19_polish_songs_for_solo_voice_and_piano_accomplements_no16,2
chopin,19_Polish_Songs_for_Solo_Voice_and_Piano_accomplements_No17.mid,19_polish_songs_for_solo_voice_and_piano_accomplements_no17,2
chopin,19_Polish_Songs_for_Solo_Voice_and_Piano_accomplements_No18.mid,19_polish_songs_for_solo_voice_and_piano_accomplements_no18,3
chopin,19_Polish_Songs_for_Solo_Voice_and_Piano_accomplements_No19.mid,19_polish_songs_for_solo_voice_and_piano_accomplements_no19,3
chopin,19_Polish_Songs_for_Solo_Voice_and_Piano_accomplements_No2.mid,19_polish_songs_for_solo_voice_and_piano_accomplements_no2,0
chopin,19_Polish_Songs_for_Solo_Voice_and_Piano_accomplements_No3.mid,19_polish_songs_for_solo_voice_and_piano_accomplements_no3,0
chopin,19_Polish_Songs_for_Solo_Voice_and_Piano_accomplements_No4.mid,19_polish_songs_for_solo_voice_and_piano_accomplements_no4,2
chopin,19_Polish_Songs_for_Solo_Voice_and_Piano_accomplements_No5.mid,19_polish_songs_for_solo_voice_and_piano_accomplements_no5,2
chopin,19_Polish_Songs_for_Solo_Voice_and_Piano_accomplements_No7.mid,19_polish_songs_for_solo_voice_and_piano_accomplements_no7,1
chopin,19_Polish_Songs_for_Solo_Voice_and_Piano_accomplements_No9.mid,19_polish_songs_for_solo_voice_and_piano_accomplements_no9,3
chopin,2_Polonaises_op26_n1.mid,2_polonaises_op26_n1,2
chopin,Ballad_op32.mid,ballad_op32,3
chopin,Ballad_op53.mid,ballad_op53,0
chopin,Ballade_No2_in_F_Major.mid,ballade_no2_in_f_major,3
chopin,Barcarolle_in_F_sharp_Major.mid,barcarolle_in_f_sharp_major,2
chopin,Ecossaise_No2_in_G.mid,ecossaise_no2_in_g,2
chopin,Etude_No1.mid,etude_no1,1
chopin,Etude_No2_in_A_Minor.mid,etude_no2_in_a_minor,4
chopin,Etude_No7_in_C_Major_Opus10_No7.mid,etude_no7_in_c_major_opus10_no7,1
chopin,Etude_Op_25_No1.mid,etude_op_25_no1,4
chopin,Etude_op_10-5_Black_keys.mid,etude_op_10-5_black_keys,3
chopin,Etude_Op10_No11.mid,etude_op10_no11,4
chopin,Etude_op10_n01.mid,etude_op10_n01,3
chopin,Etude_op10_n02.mid,etude_op10_n02,0
chopin,Etude_op10_n03.mid,etude_op10_n03,1
chopin,Etude_op10_n04_Drchew.mid,etude_op10_n04_drchew,2
chopin,Etude_op10_n06.mid,etude_op10_n06,4
chopin,Etude_op10_n07.mid,etude_op10_n07,1
chopin,Etude_op10_n08.mid,etude_op10_n08,4
chopin,Etude_op10_n09.mid,etude_op10_n09,2
chopin,Etude_op10_n10.mid,etude_op10_n10,4
chopin,Etude_op10_n11.mid,etude_op10_n11,3
chopin,Etude_op25_n02.mid,etude_op25_n02,0
chopin,Etude_op25_n03.mid,etude_op25_n03,1
chopin,Etude_op25_n04.mid,etude_op25_n04,1
chopin,Etude_op25_n05.mid,etude_op25_n05,1
chopin,Etude_op25_n06.mid,etude_op25_n06,2
chopin,Etude_op25_n07.mid,etude_op25_n07,3
chopin,Etude_op25_n08.mid,etude_op25_n08,0
chopin,Etude_op25_n09.mid,etude_op25_n09,1
chopin,Etude_op25_n11_Winter_Wind.mid,etude_op25_n11_winter_wind,1
chopin,Fantasie_Impromptu_op66.mid,fantasie_impromptu_op66,0
chopin,Finale_to_B_Minor_Paino_Sonata.mid,finale_to_b_minor_paino_sonata,4
chopin,Grande_Waltz_op18.mid,grande_waltz_op18,1
chopin,Imprompt_Fantastique.mid,imprompt_fantastique,1
chopin,Impromptu_n3_op51.mid,impromptu_n3_op51,1
chopin,Mazurka_op30_n2_Drchew.mid,mazurka_op30_n2_drchew,0
chopin,Mazurka_op33_n2_Drchew.mid,mazurka_op33_n2_drchew,3
chopin,Mazurka_op67_n3_Drchew.mid,mazurka_op67_n3_drchew,1
chopin,Mazurka_op68_n2_Drchew.mid,mazurka_op68_n2_drchew,4
chopin,Mazurka_op7_n1.mid,mazurka_op7_n1,4
chopin,Mazurka_op7_n2.mid,mazurka_op7_n2,1
chopin,Nocturne_No1_Opus62.mid,nocturne_no1_opus62,3
chopin,Nocturne_No15_in_F_Minor_Opus55_-1.mid,nocturne_no15_in_f_minor_opus55_-1,2
chopin,Nocturne_No18_in_E_Major_Op62.mid,nocturne_no18_in_e_major_op62,0
chopin,Nocturne_op09_n2.mid,nocturne_op09_n2,4
chopin,Nocturne_op09_n3.mid,nocturne_op09_n3,4
chopin,Nocturne_op15_n2.mid,nocturne_op15_n2,4
chopin,Nocturne_op15_n3.mid,nocturne_op15_n3,1
chopin,Nocturne_op27_n2.mid,nocturne_op27_n2,3
chopin,Nocturne_op33_n2.mid,nocturne_op33_n2,0
chopin,Nocturne_op33_n4.mid,nocturne_op33_n4,1
chopin,Nocturne_op37_01.mid,nocturne_op37_01,0
chopin,Nocturne_op37_n2.mid,nocturne_op37_n2,4
chopin,Nocturne_op48_n1.mid,nocturne_op48_n1,0
chopin,Nocturne_op48_n2.mid,nocturne_op48_n2,4
chopin,Nocturne_op55_n1.mid,nocturne_op55_n1,0
chopin,Nocturne_op55_n2.mid,nocturne_op55_n2,2
chopin,Nocturne_op62_n2.mid,nocturne_op62_n2,4
chopin,Nocturne_op72_n1.mid,nocturne_op72_n1,0
chopin,Op53_Polonaise_in_A_flat_Heroic.mid,op53_polonaise_in_a_flat_heroic,2
chopin,Piano_Concerto_n2_1mov.mid,piano_concerto_n2,3
chopin,Piano_Concerto_n2_2mov.mid,piano_concerto_n2,3
chopin,Piano_Concerto_n2_3mov.mid,piano_concerto_n2,3
chopin,Polonaise_Opus40_No1_Military.mid,polonaise_opus40_no1_military,4
chopin,Prelude_n01_op28_Reunion.mid,prelude_n01_op28_reunion,0
chopin,Prelude_n02_op28_Presentiment_of_Death.mid,prelude_n02_op28_presentiment_of_death,2
chopin,Prelude_n03_op28_Thou_Art_So_Like_A_Flower.mid,prelude_n03_op28_thou_art_so_like_a_flower,4
chopin,Prelude_n04_op28_Suffocation.mid,prelude_n04_op28_suffocation,3
chopin,Prelude_n05_op28_Uncertainty.mid,prelude_n05_op28_uncertainty,3
chopin,Prelude_n06_op28_Tolling_Bells.mid,prelude_n06_op28_tolling_bells,0
chopin,Prelude_n07_op28_The_Polish_Dance.mid,prelude_n07_op28_the_polish_dance,2
chopin,Prelude_n08_op28_Desparation.mid,prelude_n08_op28_desparation,4
chopin,Prelude_n09_op28_Vision.mid,prelude_n09_op28_vision,3
chopin,Prelude_n10_op28_The_Night_Moth.mid,prelude_n10_op28_the_night_moth,3
chopin,Prelude_n11_op28_Dragonfly.mid,prelude_n11_op28_dragonfly,2
chopin,Prelude_n12_op28_Duel.mid,prelude_n12_op28_duel,0
chopin,Prelude_n13_op28_Loss.mid,prelude_n13_op28_loss,4
chopin,Prelude_n14_op28_Fear.mid,prelude_n14_op28_fear,0
chopin,Prelude_n15_op28_Raindrop.mid,prelude_n15_op28_raindrop,2
chopin,Prelude_n16_op28_Hades.mid,prelude_n16_op28_hades,4
chopin,Prelude_n17_op28_Scene_On_the_Place_of_Notre_Dame.mid,prelude_n17_op28_scene_on_the_place_of_notre_dame,2
chopin,Prelude_n18_op28_Suicide.mid,prelude_n18_op28_suicide,1
chopin,Prelude_n19_op28.mid,prelude_n19_op28,4
chopin,Prelude_n21_op28_Sunday.mid,prelude_n21_op28_sunday,0
chopin,Prelude_n22_op28_Impatience.mid,prelude_n22_op28_impatience,0
chopin,Prelude_n23_op28_A_Pleasure_Boat.mid,prelude_n23_op28_a_pleasure_boat,3
chopin,Prelude_n24_op28_The_Storm.mid,prelude_n24_op28_the_storm,2
chopin,Prelude_op28-15_Raindrop.mid,prelude_op28-15_raindrop,2
chopin,Scherzo_No2_Opus31.mid,scherzo_no2_opus31,0
chopin,Sonata_No3_2nd_Mov_Scherzo.mid,sonata_no3_2nd_mov_scherzo,3
chopin,Sonata_op35_n1.mid,sonata_op35_n1,0
chopin,Sonata_op35_n2.mid,sonata_op35_n2,1
chopin,Sonata_op35_n3.mid,sonata_op35_n3,3
chopin,Sonata_op35_n4.mid,sonata_op35_n4,1
chopin,Tarantella.mid,tarantella,2
chopin,Trois_Nouvelles_Etudes_Opposth.mid,trois_nouvelles_etudes_opposth,1
chopin,Waltz_in_Ab_Opposth_Brown21.mid,waltz_in_ab_opposth_brown21,4
chopin,Waltz_op64_n1.mid,waltz_op64_n1,0
chopin,Waltz_op70_n2.mid,waltz_op70_n2,1
chopin,Winter_wind_etude.mid,winter_wind_etude,2
mozart,A_piece_for_PianoK176.mid,a_piece_for_pianok176,0
mozart,Adagio_in_B_flat.mid,adagio_in_b_flat,4
mozart,Another_piece_for_PianoK176.mid,another_piece_for_pianok176,4
mozart,Contradance_n2.mid,contradance_n2,2
mozart,Contradance_n3.mid,contradance_n3,4
mozart,Fantasia_in_D_K397.mid,fantasia_in_d_k397,0
mozart,K02_Minuet_in_F.mid,k02_minuet_in_f,0
mozart,K03_Allegro_in_Bb.mid,k03_allegro_in_bb,2
mozart,K04_Minuet_in_F.mid,k04_minuet_in_f,4
mozart,K05_Minuet_for_Harpsichord.mid,k05_minuet_for_harpsichord,2
mozart,K191_Bassoon_Concerto_1mov.mid,k191_bassoon_concerto,3
mozart,K191_Bassoon_Concerto_2mov.mid,k191_bassoon_concerto,3
mozart,K191_Bassoon_Concerto_3mov.mid,k191_bassoon_concerto,3
mozart,K299_Flute_Harp_Concerto_1mov.mid,k299_flute_harp_concerto,0
mozart,K299_Flute_Harp_Concerto_2mov.mid,k299_flute_harp_concerto,0
mozart,K299_Flute_Harp_Concerto_3mov.mid,k299_flute_harp_concerto,0
mozart,K317_Coronation_Mass_1mov.mid,k317_coronation_mass,3
mozart,K317_Coronation_Mass_2mov.mid,k317_coronation_mass,3
mozart,K317_Coronation_Mass_3mov.mid,k317_coronation_mass,3
mozart,K317_Coronation_Mass_4mov.mid,k317_coronation_mass,3
mozart,K317_Coronation_Mass_5mov.mid,k317_coronation_mass,3
mozart,K317_Coronation_Mass_6mov.mid,k317_coronation_mass,3
mozart,K335_Laudate_Dominus.mid,k335_laudate_dominus,3
mozart,K339_Vesperae_solemnes_de_confessore_Vespers_1mov_Dixit_Dominus.mid,k339_vesperae_solemnes_de_confessore_vespers_1mov_dixit_dominus,3
mozart,K354_Piano_Variations_Je_Suis_Lindor.mid,k354_piano_variations_je_suis_lindor,2
mozart,K361_Serenade_n10_3mov.mid,k361_serenade_n10,2
mozart,K393_Solfeggi_n1.mid,k393_solfeggi_n1,1
mozart,K393_Solfeggi_n2.mid,k393_solfeggi_n2,0
mozart,K393_Solfeggi_n3.mid,k393_solfeggi_n3,4
mozart,K393_Solfeggi_n5.mid,k393_solfeggi_n5,3
mozart,K398_Piano_Variations_Salve_Tu_Domine.mid,k398_piano_variations_salve_tu_domine,3
mozart,K401_Fuga_in_G_minor.mid,k401_fuga_in_g_minor,2
mozart,K427_Great_Mass_1mov.mid,k427_great_mass,1
mozart,K495_Horn_Concerto_n4_1mov.mid,k495_horn_concerto_n4,2
mozart,K495_Horn_Concerto_n4_2mov.mid,k495_horn_concerto_n4,2
mozart,K495_Horn_Concerto_n4_3mov.mid,k495_horn_concerto_n4,2
mozart,K501_Andante_with_5_Variations_for_Piano_Duet.mid,k501_andante_with_5_variations_for_piano_duet,1
mozart,K525_Serenade_1mov_Eine_Kleine_Natchmusik.mid,k525_serenade_1mov_eine_kleine_natchmusik,3
mozart,K525_Serenade_2mov_Eine_Kleine_Natchmusik.mid,k525_serenade_2mov_eine_kleine_natchmusik,1
mozart,K525_Serenade_3mov_Eine_Kleine_Natchmusik.mid,k525_serenade_3mov_eine_kleine_natchmusik,4
mozart,K525_Serenade_4mov_Eine_Kleine_Natchmusik.mid,k525_serenade_4mov_eine_kleine_natchmusik,4
mozart,K527_Overture_Don_Giovanni.mid,k527_overture_don_giovanni,0
mozart,K546_Adagio__Fugue_for_Strings.mid,k546_adagio__fugue_for_strings,3
mozart,K573_9_Variations_for_Piano_Uber_Duport.mid,k573_9_variations_for_piano_uber_duport,4
mozart,K594_Adagio__Allegro_for_Mechanical_Organ.mid,k594_adagio__allegro_for_mechanical_organ,2
mozart,K608_Fantasia_for_Mechanical_Organ.mid,k608_fantasia_for_mechanical_organ,1
mozart,K617_Adagio.mid,k617_adagio,0
mozart,K618_Ave_Verum_Corpus.mid,k618_ave_verum_corpus,1
mozart,K622_Clarinet_Concerto_1mov.mid,k622_clarinet_concerto,2
mozart,K622_Clarinet_Concerto_2mov.mid,k622_clarinet_concerto,2
mozart,K622_Clarinet_Concerto_3mov.mid,k622_clarinet_concerto,2
mozart,K626_Requiem_01_Introitus__Kyrie.mid,k626_requiem_01_introitus__kyrie,4
mozart,K626_Requiem_02_rextremendae.mid,k626_requiem_02_rextremendae,1
mozart,K626_Requiem_03_tuba_mirum.mid,k626_requiem_03_tuba_mirum,0
mozart,K626_Requiem_04_Dies_Irae.mid,k626_requiem_04_dies_irae,3
mozart,K626_Requiem_05_Recordare.mid,k626_requiem_05_recordare,0
mozart,K626_Requiem_06_confutatis.mid,k626_requiem_06_confutatis,3
mozart,K626_Requiem_07_Lacrimosa.mid,k626_requiem_07_lacrimosa,4
mozart,K626_Requiem_08_offertorio_domine_jesu.mid,k626_requiem_08_offertorio_domine_jesu,3
mozart,K626_Requiem_10_Sanctus.mid,k626_requiem_10_sanctus,0
mozart,K626_Requiem_11_Benedictus.mid,k626_requiem_11_benedictus,2
mozart,K626_Requiem_12_agnus_dei.mid,k626_requiem_12_agnus_dei,2
mozart,Piano_Concerto_n12_K414_1mov.mid,piano_concerto_n12_k414,1
mozart,Piano_Concerto_n12_K414_3mov.mid,piano_concerto_n12_k414,1
mozart,Piano_Concerto_n16_K451_1mov.mid,piano_concerto_n16_k451,2
mozart,Piano_Concerto_n16_K451_3mov.mid,piano_concerto_n16_k451,2
mozart,Piano_Concerto_n17_K453_3mov.mid,piano_concerto_n17_k453,4
mozart,Piano_Concerto_n18_K456_1mov_Paradis.mid,piano_concerto_n18_k456_1mov_paradis,2
mozart,Piano_Concerto_n18_K456_2mov_Paradis.mid,piano_concerto_n18_k456_2mov_paradis,3
mozart,Piano_Concerto_n18_K456_3mov_Paradis.mid,piano_concerto_n18_k456_3mov_paradis,0
mozart,Piano_Concerto_n20_K466_1mov.mid,piano_concerto_n20_k466,3
mozart,Piano_Concerto_n20_K466_2mov.mid,piano_concerto_n20_k466,3
mozart,Piano_Concerto_n20_K466_3mov.mid,piano_concerto_n20_k466,3
mozart,Piano_Concerto_n21_K467_1mov_Elvira_Madigan.mid,piano_concerto_n21_k467_1mov_elvira_madigan,3
mozart,Piano_Concerto_n21_K467_2mov_Elvira_Madigan.mid,piano_concerto_n21_k467_2mov_elvira_madigan,2
mozart,Piano_Concerto_n21_K467_3mov_Elvira_Madigan.mid,piano_concerto_n21_k467_3mov_elvira_madigan,4
mozart,Piano_Concerto_n23_K488_1mov.mid,piano_concerto_n23_k488,0
mozart,Piano_Concerto_n23_K488_2mov.mid,piano_concerto_n23_k488,0
mozart,Piano_Concerto_n23_K488_3mov.mid,piano_concerto_n23_k488,0
mozart,Piano_Concerto_n24_K491_1mov.mid,piano_concerto_n24_k491,4
mozart,Piano_Concerto_n24_K491_2mov.mid,piano_concerto_n24_k491,4
mozart,Piano_Concerto_n24_K491_3mov.mid,piano_concerto_n24_k491,4
mozart,Piano_Concerto_n25_K503_1mov.mid,piano_concerto_n25_k503,2
mozart,Piano_Concerto_n25_K503_2mov.mid,piano_concerto_n25_k503,2
mozart,Piano_Concerto_n25_K503_3mov.mid,piano_concerto_n25_k503,2
mozart,Piano_Concerto_n26_K537_1mov_Coronation.mid,piano_concerto_n26_k537_1mov_coronation,2
mozart,Piano_Concerto_n26_K537_2mov_Coronation.mid,piano_concerto_n26_k537_2mov_coronation,4
mozart,Piano_Concerto_n26_K537_3mov_Coronation.mid,piano_concerto_n26_k537_3mov_coronation,3
mozart,Piano_Concerto_n6_K238_1mov.mid,piano_concerto_n6_k238,0
mozart,Piano_Concerto_n6_K238_3mov.mid,piano_concerto_n6_k238,0
mozart,Piano_Concerto_n7_for_3_Pianos_K242_1mov_Lodron.mid,piano_concerto_n7_for_3_pianos_k242_1mov_lodron,0
mozart,Piano_Concerto_n7_for_3_Pianos_K242_2mov_Lodron.mid,piano_concerto_n7_for_3_pianos_k242_2mov_lodron,0
mozart,Piano_Concerto_n7_for_3_Pianos_K242_3mov_Lodron.mid,piano_concerto_n7_for_3_pianos_k242_3mov_lodron,4
mozart,Piano_Concerto_n8_K246_1mov.mid,piano_concerto_n8_k246,3
mozart,Piano_Concerto_n8_K246_3mov.mid,piano_concerto_n8_k246,3
mozart,K19d_Piano_Sonata_Duet.mid,k19d_piano_sonata_duet,1
mozart,K279_Piano_sonata_n01_1mov.mid,k279_piano_sonata_n01,1
mozart,K279_Piano_sonata_n01_2mov.mid,k279_piano_sonata_n01,1
mozart,K279_Piano_sonata_n01_3mov.mid,k279_piano_sonata_n01,1
mozart,K280_Piano_sonata_n02_1mov.mid,k280_piano_sonata_n02,3
mozart,K280_Piano_sonata_n02_2mov.mid,k280_piano_sonata_n02,3
mozart,K280_Piano_sonata_n02_3mov.mid,k280_piano_sonata_n02,3
mozart,K281_Piano_Sonata_n03_1mov.mid,k281_piano_sonata_n03,1
mozart,K281_Piano_Sonata_n03_2mov.mid,k281_piano_sonata_n03,1
mozart,K282_Piano_Sonata_n04.mid,k282_piano_sonata_n04,0
mozart,K284_Piano_Sonata_n06.mid,k284_piano_sonata_n06,2
mozart,K309_Piano_Sonata_n10_1mov.mid,k309_piano_sonata_n10,2
mozart,K309_Piano_Sonata_n10_2mov.mid,k309_piano_sonata_n10,2
mozart,K309_Piano_Sonata_n10_3mov.mid,k309_piano_sonata_n10,2
mozart,K330_Piano_Sonata_n10_1mov.mid,k330_piano_sonata_n10,4
mozart,K330_Piano_Sonata_n10_2mov.mid,k330_piano_sonata_n10,4
mozart,K330_Piano_Sonata_n10_3mov.mid,k330_piano_sonata_n10,4
mozart,K331_Piano_Sonata_n11.mid,k331_piano_sonata_n11,2
mozart,K331_Piano_sonata_n11_3mov.mid,k331_piano_sonata_n11,2
mozart,K332_Piano_Sonata_n12_1mov.mid,k332_piano_sonata_n12,1
mozart,K332_Piano_Sonata_n12_2mov.mid,k332_piano_sonata_n12,1
mozart,K332_Piano_Sonata_n12_3mov.mid,k332_piano_sonata_n12,1
mozart,K333_Piano_Sonata_n13.mid,k333_piano_sonata_n13,2
mozart,K333_Piano_Sonata_n13_1mov.mid,k333_piano_sonata_n13,2
mozart,K333_Piano_Sonata_n13_2mov.mid,k333_piano_sonata_n13,2
mozart,K333_Piano_Sonata_n13_3mov.mid,k333_piano_sonata_n13,2
mozart,K357_Piano_Sonata_4_Hands.mid,k357_piano_sonata_4_hands,4
mozart,K358_Piano_Sonata_4_Hands.mid,k358_piano_sonata_4_hands,0
mozart,K381_Piano_Sonata_4_Hands.mid,k381_piano_sonata_4_hands,4
mozart,K457_Piano_Sonata_n14.mid,k457_piano_sonata_n14,4
mozart,K521_Piano_Sonata_4_Hands.mid,k521_piano_sonata_4_hands,2
mozart,K545_Piano_Sonata.mid,k545_piano_sonata,1
mozart,K570_Piano_Sonata_1mov.mid,k570_piano_sonata,0
mozart,K570_Piano_Sonata_2mov.mid,k570_piano_sonata,0
mozart,K570_Piano_Sonata_3mov.mid,k570_piano_sonata,0
mozart,K576_Piano_Sonata_n19.mid,k576_piano_sonata_n19,3
mozart,Piano_Sonata_n01_K279.mid,piano_sonata_n01_k279,3
mozart,Piano_Sonata_n02_K280.mid,piano_sonata_n02_k280,0
mozart,Piano_Sonata_n04_K282.mid,piano_sonata_n04_k282,4
mozart,Piano_Sonata_n05_K283.mid,piano_sonata_n05_k283,4
mozart,Piano_Sonata_n06_K284.mid,piano_sonata_n06_k284,1
mozart,Piano_Sonata_n07_K309.mid,piano_sonata_n07_k309,1
mozart,Piano_Sonata_n10_K330.mid,piano_sonata_n10_k330,1
mozart,Piano_Sonata_n12_K332.mid,piano_sonata_n12_k332,3
mozart,Piano_Sonata_n13_K333.mid,piano_sonata_n13_k333,3
mozart,Piano_Sonata_n15_K593-494.mid,piano_sonata_n15_k593-494,1
mozart,Piano_Sonata_n16_K545.mid,piano_sonata_n16_k545,0
mozart,Piano_Sonata_n17_K547a.mid,piano_sonata_n17_k547a,2
mozart,Piano_Sonata_n18_K570.mid,piano_sonata_n18_k570,1
mozart,Piano_Sonata_n19_K576.mid,piano_sonata_n19_k576,2
mozart,Rondo_in_C.mid,rondo_in_c,3
mozart,Sonatina_n21_3mov.mid,sonatina_n21,0
mozart,Sonatina_n3_1mov.mid,sonatina_n3,4
mozart,Sonatina_n3_2mov.mid,sonatina_n3,4
mozart,Sonatina_n3_3mov.mid,sonatina_n3,4
mozart,Symphony_n22_K162_1mov.mid,symphony_n22_k162,4
mozart,Symphony_n22_K162_3mov.mid,symphony_n22_k162,4
mozart,Symphony_n25_K183_1mov.mid,symphony_n25_k183,4
mozart,Symphony_n25_K183_2mov.mid,symphony_n25_k183,4
mozart,Symphony_n25_K183_3mov.mid,symphony_n25_k183,4
mozart,Symphony_n25_K183_4mov.mid,symphony_n25_k183,4
mozart,Symphony_n28_K200_1mov.mid,symphony_n28_k200,0
mozart,Symphony_n28_K200_2mov.mid,symphony_n28_k200,0
mozart,Symphony_n28_K200_3mov.mid,symphony_n28_k200,0
mozart,Symphony_n28_K200_4mov.mid,symphony_n28_k200,0
mozart,Symphony_n29_K201_1mov.mid,symphony_n29_k201,3
mozart,Symphony_n29_K201_2mov.mid,symphony_n29_k201,3
mozart,Symphony_n29_K201_4mov.mid,symphony_n29_k201,3
mozart,Symphony_n30_K202_1mov.mid,symphony_n30_k202,0
mozart,Symphony_n30_K202_2mov.mid,symphony_n30_k202,0
mozart,Symphony_n30_K202_3mov.mid,symphony_n30_k202,0
mozart,Symphony_n30_K202_4mov.mid,symphony_n30_k202,0
mozart,Symphony_n31_K297_1mov_Paris.mid,symphony_n31_k297_1mov_paris,3
mozart,Symphony_n31_K297_2mov_Paris.mid,symphony_n31_k297_2mov_paris,0
mozart,Symphony_n31_K297_3mov_Paris.mid,symphony_n31_k297_3mov_paris,3
mozart,Symphony_n33_K319_1mov.mid,symphony_n33_k319,1
mozart,Symphony_n33_K319_2mov.mid,symphony_n33_k319,1
mozart,Symphony_n33_K319_3mov.mid,symphony_n33_k319,1
mozart,Symphony_n33_K319_4mov.mid,symphony_n33_k319,1
mozart,Symphony_n34_K338_1mov.mid,symphony_n34_k338,1
mozart,Symphony_n34_K338_2mov.mid,symphony_n34_k338,1
mozart,Symphony_n34_K338_3mov.mid,symphony_n34_k338,1
mozart,Symphony_n35_K385_1mov_Haffner.mid,symphony_n35_k385_1mov_haffner,4
mozart,Symphony_n35_K385_3mov_Haffner.mid,symphony_n35_k385_3mov_haffner,0
mozart,Symphony_n35_K385_4mov_Haffner.mid,symphony_n35_k385_4mov_haffner,4
mozart,Symphony_n36_K425_1mov_Linz.mid,symphony_n36_k425_1mov_linz,1
mozart,Symphony_n36_K425_2mov_Linz.mid,symphony_n36_k425_2mov_linz,4
mozart,Symphony_n36_K425_3mov_Linz.mid,symphony_n36_k425_3mov_linz,2
mozart,Symphony_n36_K425_4mov_Linz.mid,symphony_n36_k425_4mov_linz,2
mozart,Symphony_n37_K444_1mov.mid,symphony_n37_k444,2
mozart,Symphony_n38_K504_1mov_Prague.mid,symphony_n38_k504_1mov_prague,1
mozart,Symphony_n38_K504_2mov_Prague.mid,symphony_n38_k504_2mov_prague,1
mozart,Symphony_n38_K504_3mov_Prague.mid,symphony_n38_k504_3mov_prague,0
mozart,Symphony_n39_K543_1mov.mid,symphony_n39_k543,4
mozart,Symphony_n39_K543_2mov.mid,symphony_n39_k543,4
mozart,Symphony_n39_K543_3mov.mid,symphony_n39_k543,4
mozart,Symphony_n39_K543_4mov.mid,symphony_n39_k543,4
mozart,Symphony_n4_K019_1mov.mid,symphony_n4_k019,4
mozart,Symphony_n4_K19_3mov.mid,symphony_n4_k19,4
mozart,Symphony_n40_K550_1mov.mid,symphony_n40_k550,1
mozart,Symphony_n40_K550_2mov.mid,symphony_n40_k550,1
mozart,Symphony_n40_K550_3mov.mid,symphony_n40_k550,1
mozart,Symphony_n40_K550_4mov.mid,symphony_n40_k550,1
mozart,Symphony_n41_K551_1mov_Jupiter.mid,symphony_n41_k551_1mov_jupiter,3
mozart,Symphony_n41_K551_2mov_Jupiter.mid,symphony_n41_k551_2mov_jupiter,2
mozart,Symphony_n41_K551_3mov_Jupiter.mid,symphony_n41_k551_3mov_jupiter,1
mozart,Symphony_n41_K551_4mov_Jupiter.mid,symphony_n41_k551_4mov_jupiter,0
mozart,Symphony_n5_K022.mid,symphony_n5_k022,0
mozart,Early_Pieces_n1_Andante.mid,early_pieces_n1_andante,2
mozart,Early_Pieces_n12_Rondino.mid,early_pieces_n12_rondino,1
mozart,Early_Pieces_n13_Prelude.mid,early_pieces_n13_prelude,0
mozart,Early_Pieces_n14_Rondo.mid,early_pieces_n14_rondo,1
mozart,Early_Pieces_n16_Minuet.mid,early_pieces_n16_minuet,0
mozart,Early_Pieces_n17_Siciliano.mid,early_pieces_n17_siciliano,1
mozart,Early_Pieces_n18_Little_Song.mid,early_pieces_n18_little_song,3
mozart,Early_Pieces_n19_Giga.mid,early_pieces_n19_giga,2
mozart,Early_Pieces_n2_Minuet.mid,early_pieces_n2_minuet,2
mozart,Early_Pieces_n20_Presto.mid,early_pieces_n20_presto,3
mozart,Early_Pieces_n3_Little_march.mid,early_pieces_n3_little_march,1
mozart,Early_Pieces_n4_Minuet.mid,early_pieces_n4_minuet,1
mozart,Early_Pieces_n5_Country_Dance.mid,early_pieces_n5_country_dance,4
mozart,Early_Pieces_n6_Llittle_minuet.mid,early_pieces_n6_llittle_minuet,3
mozart,Early_Pieces_n7_Country_dance.mid,early_pieces_n7_country_dance,0
mozart,Vesperae_solemnes_de_confessore_Vespers_K339_1_Dixit_Dominus.mid,vesperae_solemnes_de_confessore_vespers_k339_1_dixit_dominus,2
